-- =========================
-- ROLES
-- =========================
INSERT INTO public.roles (id, type) VALUES
(1, 'ROLE_USER'),
(2, 'ROLE_ADMINISTRATOR')
ON CONFLICT DO NOTHING;


-- =========================
-- USERS
-- =========================
INSERT INTO public.users (id, name, mail, password, role_id) VALUES (1, 'Henry Visitor', 'henry@outlook.com', '5e884898da28047151d0e56f8dc6292773603d0d6aabbdd62a11ef721d1542d8', 1);
INSERT INTO public.users (id, name, mail, password, role_id) VALUES (2, 'Postman Tester', 'postman@bookora.no', '$2a$10$MLARmnbFHMPeZew2s.k7muXgbR2KyZGOQin5wUzZD1HHXQVrLit9G', 1);
INSERT INTO public.users (id, name, mail, password, role_id) VALUES (5, 'test', 'test2@gmail.com', '$2a$10$nyvKalOYcSTjIG7Fp4ZsrumzKLihZKsI4QdVBSMWdlFjOm.NTiwK6', 1);
INSERT INTO public.users (id, name, mail, password, role_id) VALUES (6, 'test2', 'test@gmail.com', '$2a$10$amKhoocCLHC40NF.FTMtueYA189yArfKexnub6BVObAO35cJAsnp2', 1);
INSERT INTO public.users (id, name, mail, password, role_id) VALUES (7, 'eyob', 'eyob@gmail.com', '$2a$10$fqmXu2qq1ydTK1E/NsNar.uLEBPiU84ehDn/J6dDbDSVdgrDbaoKO', 1);
INSERT INTO public.users (id, name, mail, password, role_id) VALUES (8, 'testNathan', 'testNathan@gmail.com', '$2a$10$KGp3ZqetSwEqJ3fsiuXZSODK6LaTx91NSRHOX2vJgt1bHZ8OIMZGS', 1);
INSERT INTO public.users (id, name, mail, password, role_id) VALUES (9, 'TestNameNathan', 'TestEmailNathan@gmail.com', '$2a$10$ARuE1.TF6Xk/UK2vwZgH1u9hvToWX5m1HvjgbSXvv7vdX33f/9MWq', 1);
INSERT INTO public.users (id, name, mail, password, role_id) VALUES (14, 'tom', 'tom@tom.com', '$2a$10$sADHpgJH81PDYVcc6txU5eTSv.GfIIO7ksG9k7K9Zlf9aRfhdGUmK', 1);
INSERT INTO public.users (id, name, mail, password, role_id) VALUES (15, 'tim', 'tim@tim.com', NULL, 1);
INSERT INTO public.users (id, name, mail, password, role_id) VALUES (16, 'Test User', 'test@example.com', '$2a$10$dXJ3SW6G7P50lGmMkkmwe.20cQQubK3.HZWzG3YB1tlRy.fqvM/BG', 1);
INSERT INTO public.users (id, name, mail, password, role_id) VALUES (17, 'eyob2', 'eyob@example.com', '$2a$10$53KjxRVR1xHKez9rXNoDtOYzTfMOa/CPvmZk70j4ix9RNbXn7LUaK', 1);
INSERT INTO public.users (id, name, mail, password, role_id) VALUES (18, 'eyob3', 'eyob3@example.com', '$2a$10$OhxwNtCQJwMQxeAdOUYft.ek5PiXJBuQUPOmLangmglaczCajfdNm', 1);
INSERT INTO public.users (id, name, mail, password, role_id) VALUES (19, 'user', 'user@gmail.com', '$2a$10$Xm9wzmiUaD6wc3xhoz5wsO0MiHN62NLrDz6CyXRBLoIkX.Q2.oYy2', 1);


-- =========================
-- CATEGORIES
-- =========================
INSERT INTO public.categories (id, name) VALUES (1, 'Fiction');
INSERT INTO public.categories (id, name) VALUES (2, 'Children');
INSERT INTO public.categories (id, name) VALUES (3, 'Technology');
INSERT INTO public.categories (id, name) VALUES (4, 'Digital');
INSERT INTO public.categories (id, name) VALUES (5, 'Horror');


INSERT INTO public.sub_categories (id, name, category_id) VALUES (1, 'Classic Fiction', 1);
INSERT INTO public.sub_categories (id, name, category_id) VALUES (2, 'Modern Fiction', 1);
INSERT INTO public.sub_categories (id, name, category_id) VALUES (3, 'Fantasy Fiction', 1);
INSERT INTO public.sub_categories (id, name, category_id) VALUES (4, 'Historical Fiction', 1);
INSERT INTO public.sub_categories (id, name, category_id) VALUES (5, 'Romance Fiction', 1);
INSERT INTO public.sub_categories (id, name, category_id) VALUES (6, 'Crime Fiction', 1);
INSERT INTO public.sub_categories (id, name, category_id) VALUES (7, 'Thriller Fiction', 1);
INSERT INTO public.sub_categories (id, name, category_id) VALUES (8, 'Science Fiction', 1);
INSERT INTO public.sub_categories (id, name, category_id) VALUES (9, 'Adventure Fiction', 1);
INSERT INTO public.sub_categories (id, name, category_id) VALUES (10, 'Literary Fiction', 1);
INSERT INTO public.sub_categories (id, name, category_id) VALUES (11, 'Children''s Literature', 2);
INSERT INTO public.sub_categories (id, name, category_id) VALUES (12, 'Picture Books', 2);
INSERT INTO public.sub_categories (id, name, category_id) VALUES (13, 'Middle Grade', 2);
INSERT INTO public.sub_categories (id, name, category_id) VALUES (14, 'Young Adult', 2);
INSERT INTO public.sub_categories (id, name, category_id) VALUES (15, 'Childrens Fantasy', 2);
INSERT INTO public.sub_categories (id, name, category_id) VALUES (16, 'Childrens Adventure', 2);
INSERT INTO public.sub_categories (id, name, category_id) VALUES (17, 'Educational Children''s', 2);
INSERT INTO public.sub_categories (id, name, category_id) VALUES (18, 'Software Development', 3);
INSERT INTO public.sub_categories (id, name, category_id) VALUES (19, 'Cybersecurity', 3);
INSERT INTO public.sub_categories (id, name, category_id) VALUES (20, 'Data Science', 3);
INSERT INTO public.sub_categories (id, name, category_id) VALUES (21, 'Artificial Intelligence', 3);
INSERT INTO public.sub_categories (id, name, category_id) VALUES (22, 'Cloud Computing', 3);
INSERT INTO public.sub_categories (id, name, category_id) VALUES (23, 'Web Development', 3);
INSERT INTO public.sub_categories (id, name, category_id) VALUES (24, 'DevOps', 3);
INSERT INTO public.sub_categories (id, name, category_id) VALUES (25, 'Database Management', 3);
INSERT INTO public.sub_categories (id, name, category_id) VALUES (26, 'Mobile Development', 3);
INSERT INTO public.sub_categories (id, name, category_id) VALUES (27, 'Game Development', 3);
INSERT INTO public.sub_categories (id, name, category_id) VALUES (28, 'Digital Culture', 4);
INSERT INTO public.sub_categories (id, name, category_id) VALUES (29, 'Digital Society', 4);
INSERT INTO public.sub_categories (id, name, category_id) VALUES (30, 'Digital Product Design', 4);
INSERT INTO public.sub_categories (id, name, category_id) VALUES (31, 'Social Media', 4);
INSERT INTO public.sub_categories (id, name, category_id) VALUES (32, 'Digital Marketing', 4);
INSERT INTO public.sub_categories (id, name, category_id) VALUES (33, 'Digital Wellbeing', 4);
INSERT INTO public.sub_categories (id, name, category_id) VALUES (34, 'E-Commerce', 4);
INSERT INTO public.sub_categories (id, name, category_id) VALUES (35, 'Digital Privacy', 4);
INSERT INTO public.sub_categories (id, name, category_id) VALUES (36, 'Psychological Horror', 5);
INSERT INTO public.sub_categories (id, name, category_id) VALUES (37, 'Supernatural Horror', 5);
INSERT INTO public.sub_categories (id, name, category_id) VALUES (38, 'Gothic Horror', 5);
INSERT INTO public.sub_categories (id, name, category_id) VALUES (39, 'Cosmic Horror', 5);
INSERT INTO public.sub_categories (id, name, category_id) VALUES (40, 'Slasher Horror', 5);
INSERT INTO public.sub_categories (id, name, category_id) VALUES (41, 'Horror Comedy', 5);
INSERT INTO public.sub_categories (id, name, category_id) VALUES (42, 'Paranormal Horror', 5);



-- =========================
-- FORMAT
-- =========================
INSERT INTO public.format (id, name) VALUES (1, 'New');
INSERT INTO public.format (id, name) VALUES (2, 'Used');
INSERT INTO public.format (id, name) VALUES (3, 'Audiobook');
INSERT INTO public.format (id, name) VALUES (4, 'Ebook');

-- =========================
-- AUTHORS
-- =========================
INSERT INTO public.authors (id, name) VALUES (1, 'Harper Lee');
INSERT INTO public.authors (id, name) VALUES (2, 'George Orwell');
INSERT INTO public.authors (id, name) VALUES (3, 'F. Scott Fitzgerald');
INSERT INTO public.authors (id, name) VALUES (4, 'Khaled Hosseini');
INSERT INTO public.authors (id, name) VALUES (5, 'Erin Morgenstern');
INSERT INTO public.authors (id, name) VALUES (6, 'J.D. Salinger');
INSERT INTO public.authors (id, name) VALUES (7, 'Roald Dahl');
INSERT INTO public.authors (id, name) VALUES (8, 'E.B. White');
INSERT INTO public.authors (id, name) VALUES (9, 'Robert C. Martin');
INSERT INTO public.authors (id, name) VALUES (10, 'Charles J. Brooks');
INSERT INTO public.authors (id, name) VALUES (11, 'Cal Newport');
INSERT INTO public.authors (id, name) VALUES (12, 'Nicholas Carr');
INSERT INTO public.authors (id, name) VALUES (13, 'Nir Eyal');


-- =========================
-- PUBLISHERS
-- =========================
INSERT INTO public.publishers (id, name) VALUES (1, 'Penguin Random House');
INSERT INTO public.publishers (id, name) VALUES (2, 'HarperCollins');
INSERT INTO public.publishers (id, name) VALUES (3, 'Simon & Schuster');
INSERT INTO public.publishers (id, name) VALUES (4, 'Hachette Book Group');
INSERT INTO public.publishers (id, name) VALUES (5, 'Macmillan Publishers');
INSERT INTO public.publishers (id, name) VALUES (6, 'Oxford University Press');
INSERT INTO public.publishers (id, name) VALUES (7, 'Cambridge University Press');
INSERT INTO public.publishers (id, name) VALUES (8, 'Scholastic Corporation');
INSERT INTO public.publishers (id, name) VALUES (9, 'Bloomsbury Publishing');
INSERT INTO public.publishers (id, name) VALUES (10, 'Wiley & Sons');
INSERT INTO public.publishers (id, name) VALUES (11, 'Pearson Education');
INSERT INTO public.publishers (id, name) VALUES (12, 'McGraw-Hill Education');
INSERT INTO public.publishers (id, name) VALUES (13, 'Norton & Company');
INSERT INTO public.publishers (id, name) VALUES (14, 'Vintage Books');
INSERT INTO public.publishers (id, name) VALUES (15, 'Farrar, Straus and Giroux');


-- =========================
-- PROVIDERS
-- =========================
INSERT INTO public.providers (id, name) VALUES (1, 'Bookis');
INSERT INTO public.providers (id, name) VALUES (2, 'ebay');
INSERT INTO public.providers (id, name) VALUES (3, 'Finn.no');
INSERT INTO public.providers (id, name) VALUES (4, 'Amazon Marketplace');
INSERT INTO public.providers (id, name) VALUES (5, 'Ark');
INSERT INTO public.providers (id, name) VALUES (6, 'Adlibris');
INSERT INTO public.providers (id, name) VALUES (7, 'Amazon');
INSERT INTO public.providers (id, name) VALUES (8, 'Norli');
INSERT INTO public.providers (id, name) VALUES (9, 'Bookshop.org');
INSERT INTO public.providers (id, name) VALUES (10, 'AbeBooks');


-- =========================
-- BOOKS
-- =========================
INSERT INTO public.books (id, title, description, image_url, published_year, page_count, category_id, publisher_id, sub_category_id) VALUES (1, 'To Kill a Mockingbird', 'A haunting portrait of race and class, innocence and injustice, hypocrisy and heroism, tradition and transformation in the Deep South of the 1930s, Harper Lee''s To Kill a Mockingbird remains as important today as it was upon its initial publication in 1960, during the turbulent years of the Civil Rights movement. Now, this most beloved and acclaimed novel is reborn for a new age as a gorgeous graphic novel. Scout, Jem, Boo Radley, Atticus Finch and the small town of Maycomb, Alabama, are all captured in vivid and moving illustrations by artist Fred Fordham. Enduring in vision, Harper Lee''s timeless novel illuminates the complexities of human nature and the depths of the human heart with humor, unwavering honesty and a tender, nostalgic beauty. Lifetime admirers and new readers alike will be touched by this special visual edition.', 'https://cdn.britannica.com/21/182021-050-666DB6B1/book-cover-To-Kill-a-Mockingbird-many-1961.jpg', 1960, 336, 1, 2, 1);
INSERT INTO public.books (id, title, description, image_url, published_year, page_count, category_id, publisher_id, sub_category_id) VALUES (2, '1984', 'George Orwell''s 1984 is one of the most influential dystopian novels ever written, portraying a society where truth is manipulated, individuality is forbidden, and citizens live under the constant gaze of an all-powerful regime. The novel’s iconic warning - “Big Brother is watching you” — has become synonymous with the dangers of unchecked surveillance and authoritarian control. Set in the oppressive world of Oceania, the story follows Winston Smith, a low-ranking member of the Ministry of Truth whose job is to rewrite historical records to match the Party’s shifting narrative. Quietly dissatisfied and yearning for authenticity, Winston begins a fragile rebellion that brings him face-to-face with the terrifying mechanisms of power. Through his journey, Orwell exposes the fragility of freedom and the profound impact of language, propaganda, and fear on the human spirit. Both a gripping tale and a prophetic critique of political oppression, 1984 endures as a powerful reminder of the importance of truth, autonomy, and resistance in the face of tyranny.', 'https://images.cdn.europe-west1.gcp.commercetools.com/b0c1af64-23c6-499f-8892-0976d37c1c31/default-V_jEcDG7-medium.jpg?w=400&f=webp', 1949, 328, 1, 1, 1);
INSERT INTO public.books (id, title, description, image_url, published_year, page_count, category_id, publisher_id, sub_category_id) VALUES (3, 'The Great Gatsby', 'F. Scott Fitzgerald’s The Great Gatsby is a timeless exploration of ambition, desire, and illusion set against the glittering backdrop of 1920s America. Celebrated for its lyrical prose and haunting portrayal of the American Dream, the novel captures the magnetic charm and ultimate fragility of a world built on wealth and longing. The story follows Nick Carraway, a young man drawn into the dazzling orbit of his enigmatic neighbor, Jay Gatsby - a self-made millionaire known for his lavish parties and mysterious past. As Nick becomes entangled in Gatsby''s pursuit of the beautiful Daisy Buchanan, he witnesses the collision between dreams and reality, love and loss, and privilege and moral decay. Beneath the shimmering surface of opulence lies a poignant critique of materialism and the emptiness it often conceals. A staple of American literature, The Great Gatsby endures as a powerful meditation on identity, aspiration, and the costs of yearning for something forever out of reach. Its beauty and tragedy continue to resonate with readers nearly a century after its publication.', 'https://en.wikipedia.org/wiki/The_Great_Gatsby#/media/File:The_Great_Gatsby_Cover_1925_Retouched.jpg', 1925, 180, 1, 3, 1);
INSERT INTO public.books (id, title, description, image_url, published_year, page_count, category_id, publisher_id, sub_category_id) VALUES (4, 'The Kite Runner', 'Khaled Hosseini''s The Kite Runner is a powerful and deeply emotional story about childhood, loyalty, and the lifelong quest for redemption. Set against the shifting political and cultural landscape of Afghanistan, the novel follows Amir, a privileged young boy, and his loyal friend Hassan, as a single traumatic event shapes the course of their intertwined lives. Years later, haunted by guilt and longing for forgiveness, Amir embarks on a journey back to a homeland transformed by conflict and loss. Through its moving portrayal of friendship and atonement, the novel captures the complexity of human relationships and the painful beauty of second chances. Heartbreaking, hopeful, and unforgettable, The Kite Runner remains one of the most celebrated modern novels, resonating with readers for its honesty and emotional depth.', 'https://www.norli.no/media/catalog/product/9/7/9781526604736_1.jpg?auto=webp&format=pjpg&width=960&height=1200&fit=cover', 2003, 371, 1, 1, 2);
INSERT INTO public.books (id, title, description, image_url, published_year, page_count, category_id, publisher_id, sub_category_id) VALUES (5, 'The Night Circus', 'Erin Morgenstern’s The Night Circus is a lush and enchanting tale set within a mysterious circus that appears without warning and opens only at night. Within its black-and-white striped tents, illusions become reality, and every performance is a breathtaking work of magic. At the heart of the story lies a fierce but hidden competition between two young magicians, Celia Bowen and Marco Alisdair, bound from childhood to a magical challenge they barely understand. As their creations transform the circus into a living masterpiece, the two fall deeply in love — a bond that threatens the fate of everyone connected to the circus. With its dreamlike imagery and beautifully woven narrative, The Night Circus is a captivating novel that transports readers into a world of wonder, passion, and enchantment.', 'https://www.ark.no/produkt/the-night-circus-9780307744432', 2011, 512, 1, 14, 3);
INSERT INTO public.books (id, title, description, image_url, published_year, page_count, category_id, publisher_id, sub_category_id) VALUES (6, 'The Catcher in the Rye', 'J.D. Salinger’s The Catcher in the Rye is a groundbreaking coming-of-age novel that follows the restless journey of Holden Caulfield, a disillusioned teenager wandering the streets of New York City after being expelled from school. Through his sharp, witty, and often painful reflections, Holden grapples with growing up, authenticity, and the fear of becoming part of a world he finds overwhelmingly “phony.” Narrated in Holden’s distinctive voice, the novel captures the turbulence of adolescence with unmatched honesty and emotional resonance. His search for meaning, connection, and a place to belong has made the book a touchstone for generations of young readers. A literary classic, The Catcher in the Rye remains a vivid and influential portrait of youth, rebellion, and the universal struggle to understand oneself.', 'https://images.cdn.europe-west1.gcp.commercetools.com/b0c1af64-23c6-499f-8892-0976d37c1c31/default-ifXO3bEV-medium.jpg?w=400&f=webp', 1951, 277, 1, NULL, 1);
INSERT INTO public.books (id, title, description, image_url, published_year, page_count, category_id, publisher_id, sub_category_id) VALUES (7, 'Matilda', 'Roald Dahl’s Matilda is a heartwarming and imaginative tale about a brilliant young girl with extraordinary abilities and a fierce love for books. Despite growing up with neglectful parents and a terrifying school headmistress, Matilda discovers her own strength — both intellectual and magical — and learns to stand up for herself and those she cares about. Filled with humor, charm, and unforgettable characters, Matilda remains one of Dahl’s most beloved stories, celebrating kindness, cleverness, and the triumph of good over cruelty.', 'https://encrypted-tbn3.gstatic.com/images?q=tbn:ANd9GcTu9R_Kx8NiFAFNBnEmK8PvVW23oAGnteUYzxJkbjNeTOzguqdX', 1988, 240, 2, 5, 11);
INSERT INTO public.books (id, title, description, image_url, published_year, page_count, category_id, publisher_id, sub_category_id) VALUES (8, 'Charlottes Web', 'E.B. White’s Charlotte’s Web is a timeless story of friendship and compassion, centered on the unlikely bond between Wilbur, a gentle farm pig, and Charlotte, a wise and caring spider. When Wilbur’s life is in danger, Charlotte uses her clever web-weaving skills to save him, crafting messages that capture the hearts of everyone who sees them. Moving, humorous, and beautifully told, Charlotte’s Web teaches readers about loyalty, bravery, and the bittersweet nature of growing up. It remains a treasured classic for children and adults alike.', 'https://upload.wikimedia.org/wikipedia/en/thumb/f/fe/CharlotteWeb.png/250px-CharlotteWeb.png', 1952, 192, 2, 2, 11);
INSERT INTO public.books (id, title, description, image_url, published_year, page_count, category_id, publisher_id, sub_category_id) VALUES (9, 'Clean Code', 'Robert C. Martin’s Clean Code is a foundational guide for developers seeking to write readable, maintainable, and efficient software. Through real-world examples, refactoring exercises, and practical principles, the book emphasizes the importance of craftsmanship and thoughtful design in everyday coding practices. Structured around clear guidelines and case studies, Clean Code challenges programmers to think critically about naming, structure, function length, testing, and architectural decisions. The book not only demonstrates what “clean” code looks like but also explains why it matters — for long-term sustainability, collaboration, and project success. Widely regarded as one of the most influential texts in modern software engineering, Clean Code continues to shape the habits and mindset of programmers worldwide.', 'https://m.media-amazon.com/images/I/81Rnac2Fq+L._AC_UF1000,1000_QL80_.jpg', 2008, 464, 3, 11, 18);
INSERT INTO public.books (id, title, description, image_url, published_year, page_count, category_id, publisher_id, sub_category_id) VALUES (10, 'Cybersecurity Essentials', 'Cybersecurity Essentials provides a clear and accessible introduction to the core concepts of modern digital security. Written for students and professionals entering the field, the book explains how networks, systems, and data can be protected against ever-evolving cyber threats. Through practical examples and real-world scenarios, Brooks covers critical topics such as encryption, network defense, ethical hacking, incident response, and risk management. The book emphasizes both the technical foundations and the strategic thinking required to safeguard digital environments in an increasingly connected world. Combining technical depth with readability, Cybersecurity Essentials offers a solid starting point for anyone looking to understand cybersecurity principles and build a career in one of today’s most important technology domains.', 'https://www.adlibris.com/images/9781119362395/cybersecurity-essentials.jpg', 2018, 288, 3, 10, 19);
INSERT INTO public.books (id, title, description, image_url, published_year, page_count, category_id, publisher_id, sub_category_id) VALUES (11, 'Digital Minimalism', 'Cal Newport’s Digital Minimalism explores how intentional, mindful use of technology can improve focus, productivity, and overall life satisfaction. Through practical strategies and real-world stories, Newport shows readers how to regain control in a world saturated with notifications, social media, and digital noise. A thoughtful guide for anyone seeking balance in the digital age.', 'https://www.norli.no/media/catalog/product/9/7/9780241453575_1_1.jpg', 2019, 304, 4, 1, 28);
INSERT INTO public.books (id, title, description, image_url, published_year, page_count, category_id, publisher_id, sub_category_id) VALUES (12, 'The Shallows', 'In The Shallows, Nicholas Carr examines how constant online engagement reshapes the way we think, read, and process information. Blending neuroscience, history, and cultural analysis, the book reveals how digital media affects our attention span, memory, and depth of thought. Insightful and provocative, it challenges readers to reflect on how the internet influences their minds and habits.', 'https://www.norli.no/media/catalog/product/9/7/9781838952587_1.jpg', 2010, 320, 4, 13, 29);
INSERT INTO public.books (id, title, description, image_url, published_year, page_count, category_id, publisher_id, sub_category_id) VALUES (13, 'Hooked', 'Nir Eyal’s Hooked reveals the psychological framework behind products that capture users’ attention and keep them coming back. Drawing from behavioral science and real-world product examples, the book introduces the “Hook Model,” a step-by-step approach for creating engaging digital experiences. A widely used resource in UX, product design, and tech entrepreneurship.', 'https://www.norli.no/media/catalog/product/9/7/9780241184837_1_1.jpg', 2014, 256, 4, 1, 30);

/**
-- =========================
-- MORE CATEGORIES / SUBCATEGORIES
-- =========================
INSERT INTO categories (id, name) VALUES
(3, 'Science'),
(4, 'History')
ON CONFLICT DO NOTHING;

INSERT INTO sub_categories (id, name, category_id) VALUES
(3, 'Science Fiction', 3),
(4, 'Biography', 4)
ON CONFLICT DO NOTHING;
*/

-- =========================
-- MORE BOOKS
-- =========================
/**
INSERT INTO books (id, title, description, published_year, category_id, publisher_id, sub_category_id) VALUES
(3, 'Harry Potter and the Sorcerer''s Stone', 'Wizarding adventure', 1997, 1, 3, 1),
(4, 'The Hobbit', 'Fantasy adventure', 1937, 1, 4, 1),
(5, 'Refactoring', 'Improving code structure', 1999, 2, 2, 2),
(6, 'The Pragmatic Programmer', 'Software craftsmanship', 1999, 2, 5, 2),
(7, 'Foundation', 'Epic science fiction', 1951, 3, 4, 3),
(8, 'Dune', 'Sci-fi political saga', 1965, 3, 4, 3),
(9, 'JavaScript: The Good Parts', 'JS fundamentals', 2008, 2, 5, 2),
(10, 'Steve Jobs', 'Biography of Steve Jobs', 2011, 4, 4, 4)
ON CONFLICT DO NOTHING;
*/

-- =========================
-- BOOK AUTHORS
-- =========================

INSERT INTO public.book_authors (book_id, author_id) VALUES (1, 1);
INSERT INTO public.book_authors (book_id, author_id) VALUES (2, 2);
INSERT INTO public.book_authors (book_id, author_id) VALUES (3, 3);
INSERT INTO public.book_authors (book_id, author_id) VALUES (4, 4);
INSERT INTO public.book_authors (book_id, author_id) VALUES (5, 5);
INSERT INTO public.book_authors (book_id, author_id) VALUES (6, 6);
INSERT INTO public.book_authors (book_id, author_id) VALUES (7, 7);
INSERT INTO public.book_authors (book_id, author_id) VALUES (8, 8);
INSERT INTO public.book_authors (book_id, author_id) VALUES (9, 9);
INSERT INTO public.book_authors (book_id, author_id) VALUES (10, 10);
INSERT INTO public.book_authors (book_id, author_id) VALUES (11, 11);
INSERT INTO public.book_authors (book_id, author_id) VALUES (12, 12);
INSERT INTO public.book_authors (book_id, author_id) VALUES (13, 13);


-- =========================
-- BOOK KEYWORDS
-- =========================

INSERT INTO public.book_keywords (book_id, word) VALUES (1, 'Justice');
INSERT INTO public.book_keywords (book_id, word) VALUES (1, 'Morality');
INSERT INTO public.book_keywords (book_id, word) VALUES (1, 'Childhood');
INSERT INTO public.book_keywords (book_id, word) VALUES (1, 'Courage');
INSERT INTO public.book_keywords (book_id, word) VALUES (1, 'Empathy');
INSERT INTO public.book_keywords (book_id, word) VALUES (2, 'Totalitarianism');
INSERT INTO public.book_keywords (book_id, word) VALUES (2, 'Surveillance');
INSERT INTO public.book_keywords (book_id, word) VALUES (2, 'Rebellion');
INSERT INTO public.book_keywords (book_id, word) VALUES (2, 'Dystopia');
INSERT INTO public.book_keywords (book_id, word) VALUES (2, 'Freedom');
INSERT INTO public.book_keywords (book_id, word) VALUES (3, 'American Dream');
INSERT INTO public.book_keywords (book_id, word) VALUES (3, 'Wealth');
INSERT INTO public.book_keywords (book_id, word) VALUES (3, 'Love');
INSERT INTO public.book_keywords (book_id, word) VALUES (3, 'Identity');
INSERT INTO public.book_keywords (book_id, word) VALUES (3, 'Tragedy');
INSERT INTO public.book_keywords (book_id, word) VALUES (4, 'Friendship');
INSERT INTO public.book_keywords (book_id, word) VALUES (4, 'Guilt');
INSERT INTO public.book_keywords (book_id, word) VALUES (4, 'Redemption');
INSERT INTO public.book_keywords (book_id, word) VALUES (4, 'Family');
INSERT INTO public.book_keywords (book_id, word) VALUES (4, 'Betrayal');
INSERT INTO public.book_keywords (book_id, word) VALUES (5, 'Magic');
INSERT INTO public.book_keywords (book_id, word) VALUES (5, 'Rivalry');
INSERT INTO public.book_keywords (book_id, word) VALUES (5, 'Romance');
INSERT INTO public.book_keywords (book_id, word) VALUES (5, 'Mystery');
INSERT INTO public.book_keywords (book_id, word) VALUES (5, 'Fantasy');
INSERT INTO public.book_keywords (book_id, word) VALUES (6, 'Adolescence');
INSERT INTO public.book_keywords (book_id, word) VALUES (6, 'Identity');
INSERT INTO public.book_keywords (book_id, word) VALUES (6, 'Isolation');
INSERT INTO public.book_keywords (book_id, word) VALUES (6, 'Rebellion');
INSERT INTO public.book_keywords (book_id, word) VALUES (6, 'Coming-of-age');
INSERT INTO public.book_keywords (book_id, word) VALUES (7, 'Magic');
INSERT INTO public.book_keywords (book_id, word) VALUES (7, 'Intelligence');
INSERT INTO public.book_keywords (book_id, word) VALUES (7, 'Family');
INSERT INTO public.book_keywords (book_id, word) VALUES (7, 'Courage');
INSERT INTO public.book_keywords (book_id, word) VALUES (7, 'Childhood');
INSERT INTO public.book_keywords (book_id, word) VALUES (8, 'Friendship');
INSERT INTO public.book_keywords (book_id, word) VALUES (8, 'Loyalty');
INSERT INTO public.book_keywords (book_id, word) VALUES (8, 'Animals');
INSERT INTO public.book_keywords (book_id, word) VALUES (8, 'Courage');
INSERT INTO public.book_keywords (book_id, word) VALUES (8, 'Kindness');
INSERT INTO public.book_keywords (book_id, word) VALUES (9, 'Software Engineering');
INSERT INTO public.book_keywords (book_id, word) VALUES (9, 'Best Practices');
INSERT INTO public.book_keywords (book_id, word) VALUES (9, 'Coding');
INSERT INTO public.book_keywords (book_id, word) VALUES (9, 'Craftsmanship');
INSERT INTO public.book_keywords (book_id, word) VALUES (9, 'Programming');
INSERT INTO public.book_keywords (book_id, word) VALUES (10, 'Security');
INSERT INTO public.book_keywords (book_id, word) VALUES (10, 'Networks');
INSERT INTO public.book_keywords (book_id, word) VALUES (10, 'Encryption');
INSERT INTO public.book_keywords (book_id, word) VALUES (10, 'Cyber Threats');
INSERT INTO public.book_keywords (book_id, word) VALUES (10, 'Risk Management');
INSERT INTO public.book_keywords (book_id, word) VALUES (11, 'Technology');
INSERT INTO public.book_keywords (book_id, word) VALUES (11, 'Wellbeing');
INSERT INTO public.book_keywords (book_id, word) VALUES (11, 'Productivity');
INSERT INTO public.book_keywords (book_id, word) VALUES (11, 'Digital Habits');
INSERT INTO public.book_keywords (book_id, word) VALUES (11, 'Lifestyle');
INSERT INTO public.book_keywords (book_id, word) VALUES (12, 'Internet');
INSERT INTO public.book_keywords (book_id, word) VALUES (12, 'Cognition');
INSERT INTO public.book_keywords (book_id, word) VALUES (12, 'Attention');
INSERT INTO public.book_keywords (book_id, word) VALUES (12, 'Media');
INSERT INTO public.book_keywords (book_id, word) VALUES (12, 'Digital Impact');
INSERT INTO public.book_keywords (book_id, word) VALUES (13, 'UX Design');
INSERT INTO public.book_keywords (book_id, word) VALUES (13, 'Behavior Psychology');
INSERT INTO public.book_keywords (book_id, word) VALUES (13, 'Habits');
INSERT INTO public.book_keywords (book_id, word) VALUES (13, 'Digital Products');
INSERT INTO public.book_keywords (book_id, word) VALUES (13, 'Technology');


-- =========================
-- BOOK PRICES
-- =========================
INSERT INTO public.book_prices (id, book_id, provider_id, price, currency, format_id) VALUES (1, 1, 1, 139.00, 'NOK', 2);
INSERT INTO public.book_prices (id, book_id, provider_id, price, currency, format_id) VALUES (2, 1, 2, 119.00, 'NOK', 4);
INSERT INTO public.book_prices (id, book_id, provider_id, price, currency, format_id) VALUES (3, 2, 3, 95.00, 'NOK', 1);
INSERT INTO public.book_prices (id, book_id, provider_id, price, currency, format_id) VALUES (4, 2, 4, 125.00, 'NOK', 4);
INSERT INTO public.book_prices (id, book_id, provider_id, price, currency, format_id) VALUES (5, 3, 5, 159.00, 'NOK', 4);
INSERT INTO public.book_prices (id, book_id, provider_id, price, currency, format_id) VALUES (6, 3, 6, 139.00, 'NOK', 1);
INSERT INTO public.book_prices (id, book_id, provider_id, price, currency, format_id) VALUES (7, 4, 3, 89.00, 'NOK', 4);
INSERT INTO public.book_prices (id, book_id, provider_id, price, currency, format_id) VALUES (8, 4, 2, 75.00, 'NOK', 4);
INSERT INTO public.book_prices (id, book_id, provider_id, price, currency, format_id) VALUES (9, 5, 7, 199.00, 'NOK', 2);
INSERT INTO public.book_prices (id, book_id, provider_id, price, currency, format_id) VALUES (10, 5, 8, 179.00, 'NOK', 4);
INSERT INTO public.book_prices (id, book_id, provider_id, price, currency, format_id) VALUES (11, 6, 5, 149.00, 'NOK', 4);
INSERT INTO public.book_prices (id, book_id, provider_id, price, currency, format_id) VALUES (12, 6, 9, 129.00, 'NOK', 1);
INSERT INTO public.book_prices (id, book_id, provider_id, price, currency, format_id) VALUES (13, 7, 8, 129.00, 'NOK', 1);
INSERT INTO public.book_prices (id, book_id, provider_id, price, currency, format_id) VALUES (14, 7, 6, 115.00, 'NOK', 3);
INSERT INTO public.book_prices (id, book_id, provider_id, price, currency, format_id) VALUES (15, 8, 3, 49.00, 'NOK', 1);
INSERT INTO public.book_prices (id, book_id, provider_id, price, currency, format_id) VALUES (16, 8, 10, 55.00, 'NOK', 3);
INSERT INTO public.book_prices (id, book_id, provider_id, price, currency, format_id) VALUES (17, 9, 7, 389.00, 'NOK', 4);
INSERT INTO public.book_prices (id, book_id, provider_id, price, currency, format_id) VALUES (18, 9, 6, 349.00, 'NOK', 1);
INSERT INTO public.book_prices (id, book_id, provider_id, price, currency, format_id) VALUES (19, 10, 8, 299.00, 'NOK', 3);
INSERT INTO public.book_prices (id, book_id, provider_id, price, currency, format_id) VALUES (20, 10, 7, 279.00, 'NOK', 2);
INSERT INTO public.book_prices (id, book_id, provider_id, price, currency, format_id) VALUES (21, 11, 5, 169.00, 'NOK', 2);
INSERT INTO public.book_prices (id, book_id, provider_id, price, currency, format_id) VALUES (22, 11, 9, 149.00, 'NOK', 2);
INSERT INTO public.book_prices (id, book_id, provider_id, price, currency, format_id) VALUES (23, 12, 3, 79.00, 'NOK', 4);
INSERT INTO public.book_prices (id, book_id, provider_id, price, currency, format_id) VALUES (24, 12, 10, 65.00, 'NOK', 1);
INSERT INTO public.book_prices (id, book_id, provider_id, price, currency, format_id) VALUES (25, 13, 7, 219.00, 'NOK', 2);
INSERT INTO public.book_prices (id, book_id, provider_id, price, currency, format_id, stock) VALUES (26, 13, 6, 199.00, 'NOK', 1, 12);

-- Fix the invisible sequence counters!
SELECT setval('users_id_seq', (SELECT MAX(id) FROM users));


INSERT INTO public.authors (id, name) VALUES (14, 'Jane Austen');
INSERT INTO public.books (id, title, description, image_url, published_year, page_count, category_id, publisher_id, sub_category_id) VALUES (14, 'Pride and Prejudice', 'An engaging story exploring themes of justice, attention, and digital products.', 'https://covers.openlibrary.org/b/id/14348537-L.jpg', 1813, 717, 3, 3, 23);
INSERT INTO public.book_authors (book_id, author_id) VALUES (14, 14);
INSERT INTO public.book_keywords (book_id, word) VALUES (14, 'Freedom');
INSERT INTO public.book_keywords (book_id, word) VALUES (14, 'Cyber Threats');
INSERT INTO public.book_keywords (book_id, word) VALUES (14, 'UX Design');
INSERT INTO public.book_keywords (book_id, word) VALUES (14, 'Digital Products');
INSERT INTO public.book_prices (id, book_id, provider_id, price, currency, format_id, stock) VALUES (27, 14, 7, 300.00, 'NOK', 1, 27);
INSERT INTO public.book_prices (id, book_id, provider_id, price, currency, format_id, stock) VALUES (28, 14, 5, 428.00, 'NOK', 4, 6);
INSERT INTO public.book_prices (id, book_id, provider_id, price, currency, format_id, stock) VALUES (29, 14, 6, 251.00, 'NOK', 1, 6);
INSERT INTO public.book_prices (id, book_id, provider_id, price, currency, format_id, stock) VALUES (30, 14, 1, 195.00, 'NOK', 4, 38);
INSERT INTO public.reviews (book_id, user_id, rating, comment) VALUES (14, 14, 3, 'Strong characters and story.');
INSERT INTO public.reviews (book_id, user_id, rating, comment) VALUES (14, 6, 5, 'Beautiful writing style.');
INSERT INTO public.reviews (book_id, user_id, rating, comment) VALUES (14, 18, 5, 'Beautiful writing style.');
INSERT INTO public.authors (id, name) VALUES (15, 'Lewis Carroll');
INSERT INTO public.books (id, title, description, image_url, published_year, page_count, category_id, publisher_id, sub_category_id) VALUES (15, 'Alice''s Adventures in Wonderland', 'An engaging story exploring themes of guilt, ux design, and productivity.', 'https://covers.openlibrary.org/b/id/10527843-L.jpg', 1865, 866, 4, 8, 35);
INSERT INTO public.book_authors (book_id, author_id) VALUES (15, 15);
INSERT INTO public.book_keywords (book_id, word) VALUES (15, 'Identity');
INSERT INTO public.book_keywords (book_id, word) VALUES (15, 'Courage');
INSERT INTO public.book_keywords (book_id, word) VALUES (15, 'Mystery');
INSERT INTO public.book_prices (id, book_id, provider_id, price, currency, format_id, stock) VALUES (31, 15, 2, 422.00, 'NOK', 3, 4);
INSERT INTO public.book_prices (id, book_id, provider_id, price, currency, format_id, stock) VALUES (32, 15, 4, 403.00, 'NOK', 4, 44);
INSERT INTO public.book_prices (id, book_id, provider_id, price, currency, format_id, stock) VALUES (33, 15, 1, 363.00, 'NOK', 3, 40);
INSERT INTO public.reviews (book_id, user_id, rating, comment) VALUES (15, 8, 5, 'Beautiful writing style.');
INSERT INTO public.reviews (book_id, user_id, rating, comment) VALUES (15, 7, 3, 'Could not put this book down.');
INSERT INTO public.reviews (book_id, user_id, rating, comment) VALUES (15, 6, 4, 'Solid read overall.');
INSERT INTO public.reviews (book_id, user_id, rating, comment) VALUES (15, 5, 4, 'Absolutely fantastic read.');
INSERT INTO public.authors (id, name) VALUES (16, 'Charles Dickens');
INSERT INTO public.books (id, title, description, image_url, published_year, page_count, category_id, publisher_id, sub_category_id) VALUES (16, 'A Christmas Carol', 'An engaging story exploring themes of mystery, fantasy, and romance.', 'https://covers.openlibrary.org/b/id/12875748-L.jpg', 1843, 434, 1, 11, 9);
INSERT INTO public.book_authors (book_id, author_id) VALUES (16, 16);
INSERT INTO public.book_keywords (book_id, word) VALUES (16, 'Attention');
INSERT INTO public.book_keywords (book_id, word) VALUES (16, 'Wealth');
INSERT INTO public.book_keywords (book_id, word) VALUES (16, 'Betrayal');
INSERT INTO public.book_keywords (book_id, word) VALUES (16, 'Empathy');
INSERT INTO public.book_keywords (book_id, word) VALUES (16, 'Programming');
INSERT INTO public.book_prices (id, book_id, provider_id, price, currency, format_id, stock) VALUES (34, 16, 3, 168.00, 'NOK', 4, 32);
INSERT INTO public.book_prices (id, book_id, provider_id, price, currency, format_id, stock) VALUES (35, 16, 10, 158.00, 'NOK', 1, 12);
INSERT INTO public.book_prices (id, book_id, provider_id, price, currency, format_id, stock) VALUES (36, 16, 3, 484.00, 'NOK', 2, 28);
INSERT INTO public.reviews (book_id, user_id, rating, comment) VALUES (16, 18, 4, 'Loved the atmosphere and pacing.');
INSERT INTO public.reviews (book_id, user_id, rating, comment) VALUES (16, 14, 4, 'Would highly recommend.');
INSERT INTO public.reviews (book_id, user_id, rating, comment) VALUES (16, 2, 3, 'Absolutely fantastic read.');
INSERT INTO public.reviews (book_id, user_id, rating, comment) VALUES (16, 19, 5, 'Beautiful writing style.');
INSERT INTO public.reviews (book_id, user_id, rating, comment) VALUES (16, 9, 4, 'Strong characters and story.');
INSERT INTO public.reviews (book_id, user_id, rating, comment) VALUES (16, 16, 5, 'Could not put this book down.');
INSERT INTO public.authors (id, name) VALUES (17, 'Oscar Wilde');
INSERT INTO public.books (id, title, description, image_url, published_year, page_count, category_id, publisher_id, sub_category_id) VALUES (17, 'The Picture of Dorian Gray', 'An engaging story exploring themes of coding, networks, and internet.', 'https://covers.openlibrary.org/b/id/14314858-L.jpg', 1890, 714, 2, 13, 12);
INSERT INTO public.book_authors (book_id, author_id) VALUES (17, 17);
INSERT INTO public.book_keywords (book_id, word) VALUES (17, 'Coming-of-age');
INSERT INTO public.book_keywords (book_id, word) VALUES (17, 'Tragedy');
INSERT INTO public.book_keywords (book_id, word) VALUES (17, 'Risk Management');
INSERT INTO public.book_keywords (book_id, word) VALUES (17, 'Rivalry');
INSERT INTO public.book_prices (id, book_id, provider_id, price, currency, format_id, stock) VALUES (37, 17, 5, 398.00, 'NOK', 2, 45);
INSERT INTO public.book_prices (id, book_id, provider_id, price, currency, format_id, stock) VALUES (38, 17, 9, 120.00, 'NOK', 2, 32);
INSERT INTO public.book_prices (id, book_id, provider_id, price, currency, format_id, stock) VALUES (39, 17, 1, 97.00, 'NOK', 2, 42);
INSERT INTO public.book_prices (id, book_id, provider_id, price, currency, format_id, stock) VALUES (40, 17, 8, 282.00, 'NOK', 2, 1);
INSERT INTO public.reviews (book_id, user_id, rating, comment) VALUES (17, 17, 4, 'Could not put this book down.');
INSERT INTO public.reviews (book_id, user_id, rating, comment) VALUES (17, 9, 4, 'Absolutely fantastic read.');
INSERT INTO public.reviews (book_id, user_id, rating, comment) VALUES (17, 1, 4, 'Very enjoyable and engaging.');
INSERT INTO public.reviews (book_id, user_id, rating, comment) VALUES (17, 5, 4, 'Strong characters and story.');
INSERT INTO public.authors (id, name) VALUES (18, 'Emily Brontë');
INSERT INTO public.books (id, title, description, image_url, published_year, page_count, category_id, publisher_id, sub_category_id) VALUES (18, 'Wuthering Heights', 'An engaging story exploring themes of technology, mystery, and redemption.', 'https://covers.openlibrary.org/b/id/12818862-L.jpg', 1846, 565, 1, 5, 6);
INSERT INTO public.book_authors (book_id, author_id) VALUES (18, 18);
INSERT INTO public.book_keywords (book_id, word) VALUES (18, 'Technology');
INSERT INTO public.book_keywords (book_id, word) VALUES (18, 'Security');
INSERT INTO public.book_keywords (book_id, word) VALUES (18, 'Networks');
INSERT INTO public.book_prices (id, book_id, provider_id, price, currency, format_id, stock) VALUES (41, 18, 3, 157.00, 'NOK', 1, 5);
INSERT INTO public.book_prices (id, book_id, provider_id, price, currency, format_id, stock) VALUES (42, 18, 8, 314.00, 'NOK', 3, 27);
INSERT INTO public.book_prices (id, book_id, provider_id, price, currency, format_id, stock) VALUES (43, 18, 5, 168.00, 'NOK', 4, 5);
INSERT INTO public.reviews (book_id, user_id, rating, comment) VALUES (18, 2, 3, 'Very enjoyable and engaging.');
INSERT INTO public.reviews (book_id, user_id, rating, comment) VALUES (18, 16, 3, 'Could not put this book down.');
INSERT INTO public.authors (id, name) VALUES (19, 'Mark Twain');
INSERT INTO public.books (id, title, description, image_url, published_year, page_count, category_id, publisher_id, sub_category_id) VALUES (19, 'Adventures of Huckleberry Finn', 'An engaging story exploring themes of programming, attention, and risk management.', 'https://covers.openlibrary.org/b/id/8157718-L.jpg', 1876, 514, 3, 14, 19);
INSERT INTO public.book_authors (book_id, author_id) VALUES (19, 19);
INSERT INTO public.book_keywords (book_id, word) VALUES (19, 'Networks');
INSERT INTO public.book_keywords (book_id, word) VALUES (19, 'Loyalty');
INSERT INTO public.book_keywords (book_id, word) VALUES (19, 'Identity');
INSERT INTO public.book_keywords (book_id, word) VALUES (19, 'Betrayal');
INSERT INTO public.book_prices (id, book_id, provider_id, price, currency, format_id, stock) VALUES (44, 19, 7, 271.00, 'NOK', 1, 47);
INSERT INTO public.book_prices (id, book_id, provider_id, price, currency, format_id, stock) VALUES (45, 19, 10, 148.00, 'NOK', 4, 26);
INSERT INTO public.book_prices (id, book_id, provider_id, price, currency, format_id, stock) VALUES (46, 19, 2, 436.00, 'NOK', 1, 8);
INSERT INTO public.reviews (book_id, user_id, rating, comment) VALUES (19, 18, 4, 'Beautiful writing style.');
INSERT INTO public.reviews (book_id, user_id, rating, comment) VALUES (19, 9, 5, 'Would highly recommend.');
INSERT INTO public.reviews (book_id, user_id, rating, comment) VALUES (19, 19, 4, 'Could not put this book down.');
INSERT INTO public.authors (id, name) VALUES (20, 'Daniel Defoe');
INSERT INTO public.books (id, title, description, image_url, published_year, page_count, category_id, publisher_id, sub_category_id) VALUES (20, 'Robinson Crusoe', 'An engaging story exploring themes of security, digital impact, and technology.', 'https://covers.openlibrary.org/b/id/368541-L.jpg', 1686, 852, 3, 8, 21);
INSERT INTO public.book_authors (book_id, author_id) VALUES (20, 20);
INSERT INTO public.book_keywords (book_id, word) VALUES (20, 'Intelligence');
INSERT INTO public.book_keywords (book_id, word) VALUES (20, 'Kindness');
INSERT INTO public.book_keywords (book_id, word) VALUES (20, 'Security');
INSERT INTO public.book_keywords (book_id, word) VALUES (20, 'Programming');
INSERT INTO public.book_keywords (book_id, word) VALUES (20, 'Coding');
INSERT INTO public.book_prices (id, book_id, provider_id, price, currency, format_id, stock) VALUES (47, 20, 6, 86.00, 'NOK', 4, 25);
INSERT INTO public.book_prices (id, book_id, provider_id, price, currency, format_id, stock) VALUES (48, 20, 9, 376.00, 'NOK', 2, 20);
INSERT INTO public.book_prices (id, book_id, provider_id, price, currency, format_id, stock) VALUES (49, 20, 3, 410.00, 'NOK', 4, 16);
INSERT INTO public.book_prices (id, book_id, provider_id, price, currency, format_id, stock) VALUES (50, 20, 7, 131.00, 'NOK', 1, 1);
INSERT INTO public.reviews (book_id, user_id, rating, comment) VALUES (20, 6, 3, 'Could not put this book down.');
INSERT INTO public.reviews (book_id, user_id, rating, comment) VALUES (20, 8, 4, 'Could not put this book down.');
INSERT INTO public.reviews (book_id, user_id, rating, comment) VALUES (20, 18, 4, 'Strong characters and story.');
INSERT INTO public.reviews (book_id, user_id, rating, comment) VALUES (20, 14, 5, 'Strong characters and story.');
INSERT INTO public.authors (id, name) VALUES (21, 'Nathaniel Hawthorne');
INSERT INTO public.books (id, title, description, image_url, published_year, page_count, category_id, publisher_id, sub_category_id) VALUES (21, 'The Scarlet Letter', 'An engaging story exploring themes of productivity, craftsmanship, and freedom.', 'https://covers.openlibrary.org/b/id/5654516-L.jpg', 1800, 541, 4, 3, 34);
INSERT INTO public.book_authors (book_id, author_id) VALUES (21, 21);
INSERT INTO public.book_keywords (book_id, word) VALUES (21, 'Courage');
INSERT INTO public.book_keywords (book_id, word) VALUES (21, 'Productivity');
INSERT INTO public.book_keywords (book_id, word) VALUES (21, 'Digital Impact');
INSERT INTO public.book_keywords (book_id, word) VALUES (21, 'Internet');
INSERT INTO public.book_keywords (book_id, word) VALUES (21, 'American Dream');
INSERT INTO public.book_prices (id, book_id, provider_id, price, currency, format_id, stock) VALUES (51, 21, 9, 431.00, 'NOK', 4, 38);
INSERT INTO public.book_prices (id, book_id, provider_id, price, currency, format_id, stock) VALUES (52, 21, 10, 263.00, 'NOK', 4, 37);
INSERT INTO public.book_prices (id, book_id, provider_id, price, currency, format_id, stock) VALUES (53, 21, 9, 221.00, 'NOK', 2, 32);
INSERT INTO public.book_prices (id, book_id, provider_id, price, currency, format_id, stock) VALUES (54, 21, 2, 303.00, 'NOK', 3, 44);
INSERT INTO public.book_prices (id, book_id, provider_id, price, currency, format_id, stock) VALUES (55, 21, 4, 378.00, 'NOK', 1, 44);
INSERT INTO public.reviews (book_id, user_id, rating, comment) VALUES (21, 15, 5, 'Could not put this book down.');
INSERT INTO public.reviews (book_id, user_id, rating, comment) VALUES (21, 19, 4, 'Could not put this book down.');
INSERT INTO public.reviews (book_id, user_id, rating, comment) VALUES (21, 7, 4, 'Absolutely fantastic read.');
INSERT INTO public.reviews (book_id, user_id, rating, comment) VALUES (21, 9, 5, 'Absolutely fantastic read.');
INSERT INTO public.authors (id, name) VALUES (22, 'William Shakespeare');
INSERT INTO public.books (id, title, description, image_url, published_year, page_count, category_id, publisher_id, sub_category_id) VALUES (22, 'Hamlet', 'An engaging story exploring themes of guilt, lifestyle, and cyber threats.', 'https://covers.openlibrary.org/b/id/8281954-L.jpg', 1603, 154, 3, 15, 27);
INSERT INTO public.book_authors (book_id, author_id) VALUES (22, 22);
INSERT INTO public.book_keywords (book_id, word) VALUES (22, 'Identity');
INSERT INTO public.book_keywords (book_id, word) VALUES (22, 'Wellbeing');
INSERT INTO public.book_keywords (book_id, word) VALUES (22, 'Technology');
INSERT INTO public.book_keywords (book_id, word) VALUES (22, 'Tragedy');
INSERT INTO public.book_keywords (book_id, word) VALUES (22, 'Cognition');
INSERT INTO public.book_prices (id, book_id, provider_id, price, currency, format_id, stock) VALUES (56, 22, 3, 328.00, 'NOK', 4, 12);
INSERT INTO public.book_prices (id, book_id, provider_id, price, currency, format_id, stock) VALUES (57, 22, 4, 267.00, 'NOK', 3, 12);
INSERT INTO public.book_prices (id, book_id, provider_id, price, currency, format_id, stock) VALUES (58, 22, 3, 167.00, 'NOK', 1, 21);
INSERT INTO public.book_prices (id, book_id, provider_id, price, currency, format_id, stock) VALUES (59, 22, 5, 218.00, 'NOK', 4, 48);
INSERT INTO public.reviews (book_id, user_id, rating, comment) VALUES (22, 17, 4, 'Solid read overall.');
INSERT INTO public.reviews (book_id, user_id, rating, comment) VALUES (22, 5, 5, 'Very enjoyable and engaging.');
INSERT INTO public.reviews (book_id, user_id, rating, comment) VALUES (22, 19, 5, 'Absolutely fantastic read.');
INSERT INTO public.books (id, title, description, image_url, published_year, page_count, category_id, publisher_id, sub_category_id) VALUES (23, 'Emma', 'An engaging story exploring themes of coding, morality, and technology.', 'https://covers.openlibrary.org/b/id/9278312-L.jpg', 1815, 760, 4, 15, 30);
INSERT INTO public.book_authors (book_id, author_id) VALUES (23, 14);
INSERT INTO public.book_keywords (book_id, word) VALUES (23, 'Rivalry');
INSERT INTO public.book_keywords (book_id, word) VALUES (23, 'Love');
INSERT INTO public.book_keywords (book_id, word) VALUES (23, 'Animals');
INSERT INTO public.book_prices (id, book_id, provider_id, price, currency, format_id, stock) VALUES (60, 23, 8, 93.00, 'NOK', 3, 32);
INSERT INTO public.book_prices (id, book_id, provider_id, price, currency, format_id, stock) VALUES (61, 23, 6, 79.00, 'NOK', 1, 33);
INSERT INTO public.book_prices (id, book_id, provider_id, price, currency, format_id, stock) VALUES (62, 23, 3, 178.00, 'NOK', 1, 50);
INSERT INTO public.book_prices (id, book_id, provider_id, price, currency, format_id, stock) VALUES (63, 23, 5, 199.00, 'NOK', 4, 44);
INSERT INTO public.book_prices (id, book_id, provider_id, price, currency, format_id, stock) VALUES (64, 23, 4, 353.00, 'NOK', 1, 14);
INSERT INTO public.reviews (book_id, user_id, rating, comment) VALUES (23, 2, 5, 'Absolutely fantastic read.');
INSERT INTO public.reviews (book_id, user_id, rating, comment) VALUES (23, 15, 4, 'Strong characters and story.');
INSERT INTO public.reviews (book_id, user_id, rating, comment) VALUES (23, 6, 3, 'Absolutely fantastic read.');
INSERT INTO public.books (id, title, description, image_url, published_year, page_count, category_id, publisher_id, sub_category_id) VALUES (24, 'Oliver Twist', 'An engaging story exploring themes of loyalty, behavior psychology, and magic.', 'https://covers.openlibrary.org/b/id/13300802-L.jpg', 1822, 370, 1, 9, 3);
INSERT INTO public.book_authors (book_id, author_id) VALUES (24, 16);
INSERT INTO public.book_keywords (book_id, word) VALUES (24, 'Justice');
INSERT INTO public.book_keywords (book_id, word) VALUES (24, 'Totalitarianism');
INSERT INTO public.book_keywords (book_id, word) VALUES (24, 'Encryption');
INSERT INTO public.book_keywords (book_id, word) VALUES (24, 'Coding');
INSERT INTO public.book_prices (id, book_id, provider_id, price, currency, format_id, stock) VALUES (65, 24, 3, 498.00, 'NOK', 4, 2);
INSERT INTO public.book_prices (id, book_id, provider_id, price, currency, format_id, stock) VALUES (66, 24, 4, 122.00, 'NOK', 2, 28);
INSERT INTO public.book_prices (id, book_id, provider_id, price, currency, format_id, stock) VALUES (67, 24, 3, 377.00, 'NOK', 4, 31);
INSERT INTO public.book_prices (id, book_id, provider_id, price, currency, format_id, stock) VALUES (68, 24, 8, 485.00, 'NOK', 1, 17);
INSERT INTO public.book_prices (id, book_id, provider_id, price, currency, format_id, stock) VALUES (69, 24, 1, 426.00, 'NOK', 2, 45);
INSERT INTO public.reviews (book_id, user_id, rating, comment) VALUES (24, 8, 3, 'Beautiful writing style.');
INSERT INTO public.reviews (book_id, user_id, rating, comment) VALUES (24, 5, 3, 'Loved the atmosphere and pacing.');
INSERT INTO public.reviews (book_id, user_id, rating, comment) VALUES (24, 19, 4, 'Strong characters and story.');
INSERT INTO public.reviews (book_id, user_id, rating, comment) VALUES (24, 14, 5, 'Would highly recommend.');
INSERT INTO public.authors (id, name) VALUES (23, 'Mary Shelley');
INSERT INTO public.books (id, title, description, image_url, published_year, page_count, category_id, publisher_id, sub_category_id) VALUES (25, 'Frankenstein or The Modern Prometheus', 'An engaging story exploring themes of wealth, coming-of-age, and morality.', 'https://covers.openlibrary.org/b/id/12356249-L.jpg', 1818, 473, 3, 6, 19);
INSERT INTO public.book_authors (book_id, author_id) VALUES (25, 23);
INSERT INTO public.book_keywords (book_id, word) VALUES (25, 'Digital Products');
INSERT INTO public.book_keywords (book_id, word) VALUES (25, 'Isolation');
INSERT INTO public.book_keywords (book_id, word) VALUES (25, 'Wealth');
INSERT INTO public.book_prices (id, book_id, provider_id, price, currency, format_id, stock) VALUES (70, 25, 5, 176.00, 'NOK', 1, 34);
INSERT INTO public.book_prices (id, book_id, provider_id, price, currency, format_id, stock) VALUES (71, 25, 4, 221.00, 'NOK', 2, 17);
INSERT INTO public.book_prices (id, book_id, provider_id, price, currency, format_id, stock) VALUES (72, 25, 6, 119.00, 'NOK', 4, 29);
INSERT INTO public.book_prices (id, book_id, provider_id, price, currency, format_id, stock) VALUES (73, 25, 3, 337.00, 'NOK', 3, 13);
INSERT INTO public.reviews (book_id, user_id, rating, comment) VALUES (25, 1, 4, 'Beautiful writing style.');
INSERT INTO public.reviews (book_id, user_id, rating, comment) VALUES (25, 15, 5, 'Would highly recommend.');
INSERT INTO public.reviews (book_id, user_id, rating, comment) VALUES (25, 18, 3, 'Could not put this book down.');
INSERT INTO public.reviews (book_id, user_id, rating, comment) VALUES (25, 2, 3, 'Solid read overall.');
INSERT INTO public.reviews (book_id, user_id, rating, comment) VALUES (25, 5, 3, 'Very enjoyable and engaging.');
INSERT INTO public.books (id, title, description, image_url, published_year, page_count, category_id, publisher_id, sub_category_id) VALUES (26, 'Sense and Sensibility', 'An engaging story exploring themes of craftsmanship, identity, and kindness.', 'https://covers.openlibrary.org/b/id/9278292-L.jpg', 1811, 865, 3, 2, 25);
INSERT INTO public.book_authors (book_id, author_id) VALUES (26, 14);
INSERT INTO public.book_keywords (book_id, word) VALUES (26, 'Magic');
INSERT INTO public.book_keywords (book_id, word) VALUES (26, 'Justice');
INSERT INTO public.book_keywords (book_id, word) VALUES (26, 'Cyber Threats');
INSERT INTO public.book_prices (id, book_id, provider_id, price, currency, format_id, stock) VALUES (74, 26, 10, 95.00, 'NOK', 4, 15);
INSERT INTO public.book_prices (id, book_id, provider_id, price, currency, format_id, stock) VALUES (75, 26, 1, 189.00, 'NOK', 1, 36);
INSERT INTO public.book_prices (id, book_id, provider_id, price, currency, format_id, stock) VALUES (76, 26, 9, 207.00, 'NOK', 4, 15);
INSERT INTO public.reviews (book_id, user_id, rating, comment) VALUES (26, 6, 4, 'Solid read overall.');
INSERT INTO public.reviews (book_id, user_id, rating, comment) VALUES (26, 17, 4, 'Loved the atmosphere and pacing.');
INSERT INTO public.reviews (book_id, user_id, rating, comment) VALUES (26, 9, 3, 'Very enjoyable and engaging.');
INSERT INTO public.reviews (book_id, user_id, rating, comment) VALUES (26, 1, 5, 'Beautiful writing style.');
INSERT INTO public.reviews (book_id, user_id, rating, comment) VALUES (26, 18, 4, 'Could not put this book down.');
INSERT INTO public.reviews (book_id, user_id, rating, comment) VALUES (26, 8, 3, 'Very enjoyable and engaging.');
INSERT INTO public.reviews (book_id, user_id, rating, comment) VALUES (26, 14, 3, 'Strong characters and story.');
INSERT INTO public.reviews (book_id, user_id, rating, comment) VALUES (26, 15, 5, 'Very enjoyable and engaging.');
INSERT INTO public.books (id, title, description, image_url, published_year, page_count, category_id, publisher_id, sub_category_id) VALUES (27, 'A Tale of Two Cities', 'An engaging story exploring themes of identity, justice, and networks.', 'https://covers.openlibrary.org/b/id/13301713-L.jpg', 1800, 123, 3, 13, 22);
INSERT INTO public.book_authors (book_id, author_id) VALUES (27, 16);
INSERT INTO public.book_keywords (book_id, word) VALUES (27, 'Internet');
INSERT INTO public.book_keywords (book_id, word) VALUES (27, 'Security');
INSERT INTO public.book_keywords (book_id, word) VALUES (27, 'Love');
INSERT INTO public.book_keywords (book_id, word) VALUES (27, 'Empathy');
INSERT INTO public.book_prices (id, book_id, provider_id, price, currency, format_id, stock) VALUES (77, 27, 2, 226.00, 'NOK', 4, 1);
INSERT INTO public.book_prices (id, book_id, provider_id, price, currency, format_id, stock) VALUES (78, 27, 10, 118.00, 'NOK', 3, 22);
INSERT INTO public.book_prices (id, book_id, provider_id, price, currency, format_id, stock) VALUES (79, 27, 4, 289.00, 'NOK', 1, 15);
INSERT INTO public.book_prices (id, book_id, provider_id, price, currency, format_id, stock) VALUES (80, 27, 7, 259.00, 'NOK', 4, 29);
INSERT INTO public.reviews (book_id, user_id, rating, comment) VALUES (27, 19, 3, 'Absolutely fantastic read.');
INSERT INTO public.reviews (book_id, user_id, rating, comment) VALUES (27, 6, 3, 'Very enjoyable and engaging.');
INSERT INTO public.reviews (book_id, user_id, rating, comment) VALUES (27, 9, 3, 'Would highly recommend.');
INSERT INTO public.authors (id, name) VALUES (24, 'L. Frank Baum');
INSERT INTO public.books (id, title, description, image_url, published_year, page_count, category_id, publisher_id, sub_category_id) VALUES (28, 'The Wonderful Wizard of Oz', 'An engaging story exploring themes of tragedy, justice, and freedom.', 'https://covers.openlibrary.org/b/id/552443-L.jpg', 1899, 350, 1, 4, 4);
INSERT INTO public.book_authors (book_id, author_id) VALUES (28, 24);
INSERT INTO public.book_keywords (book_id, word) VALUES (28, 'Coming-of-age');
INSERT INTO public.book_keywords (book_id, word) VALUES (28, 'Loyalty');
INSERT INTO public.book_keywords (book_id, word) VALUES (28, 'Empathy');
INSERT INTO public.book_keywords (book_id, word) VALUES (28, 'Best Practices');
INSERT INTO public.book_keywords (book_id, word) VALUES (28, 'Animals');
INSERT INTO public.book_prices (id, book_id, provider_id, price, currency, format_id, stock) VALUES (81, 28, 10, 417.00, 'NOK', 2, 40);
INSERT INTO public.book_prices (id, book_id, provider_id, price, currency, format_id, stock) VALUES (82, 28, 9, 336.00, 'NOK', 1, 37);
INSERT INTO public.book_prices (id, book_id, provider_id, price, currency, format_id, stock) VALUES (83, 28, 10, 310.00, 'NOK', 3, 5);
INSERT INTO public.reviews (book_id, user_id, rating, comment) VALUES (28, 8, 4, 'Absolutely fantastic read.');
INSERT INTO public.reviews (book_id, user_id, rating, comment) VALUES (28, 2, 3, 'Loved the atmosphere and pacing.');
INSERT INTO public.authors (id, name) VALUES (25, 'Robert Louis Stevenson');
INSERT INTO public.books (id, title, description, image_url, published_year, page_count, category_id, publisher_id, sub_category_id) VALUES (29, 'Treasure Island', 'An engaging story exploring themes of coding, love, and fantasy.', 'https://covers.openlibrary.org/b/id/13859660-L.jpg', 1880, 209, 1, 13, 9);
INSERT INTO public.book_authors (book_id, author_id) VALUES (29, 25);
INSERT INTO public.book_keywords (book_id, word) VALUES (29, 'Rebellion');
INSERT INTO public.book_keywords (book_id, word) VALUES (29, 'Adolescence');
INSERT INTO public.book_keywords (book_id, word) VALUES (29, 'Kindness');
INSERT INTO public.book_keywords (book_id, word) VALUES (29, 'UX Design');
INSERT INTO public.book_prices (id, book_id, provider_id, price, currency, format_id, stock) VALUES (84, 29, 5, 199.00, 'NOK', 4, 13);
INSERT INTO public.book_prices (id, book_id, provider_id, price, currency, format_id, stock) VALUES (85, 29, 1, 213.00, 'NOK', 2, 10);
INSERT INTO public.book_prices (id, book_id, provider_id, price, currency, format_id, stock) VALUES (86, 29, 8, 326.00, 'NOK', 2, 22);
INSERT INTO public.reviews (book_id, user_id, rating, comment) VALUES (29, 6, 3, 'Absolutely fantastic read.');
INSERT INTO public.reviews (book_id, user_id, rating, comment) VALUES (29, 7, 5, 'Strong characters and story.');
INSERT INTO public.reviews (book_id, user_id, rating, comment) VALUES (29, 9, 5, 'Loved the atmosphere and pacing.');
INSERT INTO public.reviews (book_id, user_id, rating, comment) VALUES (29, 16, 3, 'Beautiful writing style.');
INSERT INTO public.reviews (book_id, user_id, rating, comment) VALUES (29, 8, 3, 'Very enjoyable and engaging.');
INSERT INTO public.authors (id, name) VALUES (26, 'Louisa May Alcott');
INSERT INTO public.books (id, title, description, image_url, published_year, page_count, category_id, publisher_id, sub_category_id) VALUES (30, 'Little Women', 'An engaging story exploring themes of courage, adolescence, and cyber threats.', 'https://covers.openlibrary.org/b/id/8775559-L.jpg', 1848, 221, 1, 6, 10);
INSERT INTO public.book_authors (book_id, author_id) VALUES (30, 26);
INSERT INTO public.book_keywords (book_id, word) VALUES (30, 'Identity');
INSERT INTO public.book_keywords (book_id, word) VALUES (30, 'Wealth');
INSERT INTO public.book_keywords (book_id, word) VALUES (30, 'Programming');
INSERT INTO public.book_prices (id, book_id, provider_id, price, currency, format_id, stock) VALUES (87, 30, 10, 457.00, 'NOK', 2, 37);
INSERT INTO public.book_prices (id, book_id, provider_id, price, currency, format_id, stock) VALUES (88, 30, 4, 177.00, 'NOK', 3, 36);
INSERT INTO public.book_prices (id, book_id, provider_id, price, currency, format_id, stock) VALUES (89, 30, 4, 264.00, 'NOK', 1, 31);
INSERT INTO public.reviews (book_id, user_id, rating, comment) VALUES (30, 6, 3, 'Would highly recommend.');
INSERT INTO public.reviews (book_id, user_id, rating, comment) VALUES (30, 15, 3, 'Could not put this book down.');
INSERT INTO public.reviews (book_id, user_id, rating, comment) VALUES (30, 5, 5, 'Solid read overall.');
INSERT INTO public.reviews (book_id, user_id, rating, comment) VALUES (30, 19, 5, 'Solid read overall.');
INSERT INTO public.reviews (book_id, user_id, rating, comment) VALUES (30, 2, 4, 'Absolutely fantastic read.');
INSERT INTO public.books (id, title, description, image_url, published_year, page_count, category_id, publisher_id, sub_category_id) VALUES (31, 'Macbeth', 'An engaging story exploring themes of ux design, wealth, and betrayal.', 'https://covers.openlibrary.org/b/id/872432-L.jpg', 1508, 487, 3, 6, 23);
INSERT INTO public.book_authors (book_id, author_id) VALUES (31, 22);
INSERT INTO public.book_keywords (book_id, word) VALUES (31, 'Morality');
INSERT INTO public.book_keywords (book_id, word) VALUES (31, 'Friendship');
INSERT INTO public.book_keywords (book_id, word) VALUES (31, 'Cyber Threats');
INSERT INTO public.book_prices (id, book_id, provider_id, price, currency, format_id, stock) VALUES (90, 31, 10, 458.00, 'NOK', 1, 30);
INSERT INTO public.book_prices (id, book_id, provider_id, price, currency, format_id, stock) VALUES (91, 31, 8, 103.00, 'NOK', 2, 42);
INSERT INTO public.book_prices (id, book_id, provider_id, price, currency, format_id, stock) VALUES (92, 31, 3, 89.00, 'NOK', 3, 36);
INSERT INTO public.book_prices (id, book_id, provider_id, price, currency, format_id, stock) VALUES (93, 31, 5, 279.00, 'NOK', 4, 40);
INSERT INTO public.reviews (book_id, user_id, rating, comment) VALUES (31, 2, 3, 'Solid read overall.');
INSERT INTO public.reviews (book_id, user_id, rating, comment) VALUES (31, 6, 3, 'Could not put this book down.');
INSERT INTO public.authors (id, name) VALUES (27, 'Jonathan Swift');
INSERT INTO public.books (id, title, description, image_url, published_year, page_count, category_id, publisher_id, sub_category_id) VALUES (32, 'Gulliver''s Travels', 'An engaging story exploring themes of rebellion, childhood, and love.', 'https://covers.openlibrary.org/b/id/12717083-L.jpg', 1726, 351, 2, 9, 17);
INSERT INTO public.book_authors (book_id, author_id) VALUES (32, 27);
INSERT INTO public.book_keywords (book_id, word) VALUES (32, 'Love');
INSERT INTO public.book_keywords (book_id, word) VALUES (32, 'Coming-of-age');
INSERT INTO public.book_keywords (book_id, word) VALUES (32, 'Best Practices');
INSERT INTO public.book_keywords (book_id, word) VALUES (32, 'Justice');
INSERT INTO public.book_prices (id, book_id, provider_id, price, currency, format_id, stock) VALUES (94, 32, 7, 323.00, 'NOK', 4, 11);
INSERT INTO public.book_prices (id, book_id, provider_id, price, currency, format_id, stock) VALUES (95, 32, 5, 359.00, 'NOK', 4, 19);
INSERT INTO public.reviews (book_id, user_id, rating, comment) VALUES (32, 18, 5, 'Solid read overall.');
INSERT INTO public.reviews (book_id, user_id, rating, comment) VALUES (32, 7, 4, 'Strong characters and story.');
INSERT INTO public.reviews (book_id, user_id, rating, comment) VALUES (32, 2, 5, 'Beautiful writing style.');
INSERT INTO public.reviews (book_id, user_id, rating, comment) VALUES (32, 8, 4, 'Absolutely fantastic read.');
INSERT INTO public.reviews (book_id, user_id, rating, comment) VALUES (32, 16, 5, 'Strong characters and story.');
INSERT INTO public.authors (id, name) VALUES (28, 'Jack London');
INSERT INTO public.books (id, title, description, image_url, published_year, page_count, category_id, publisher_id, sub_category_id) VALUES (33, 'The Call of the Wild', 'An engaging story exploring themes of encryption, surveillance, and rivalry.', 'https://covers.openlibrary.org/b/id/12393037-L.jpg', 1903, 364, 4, 10, 33);
INSERT INTO public.book_authors (book_id, author_id) VALUES (33, 28);
INSERT INTO public.book_keywords (book_id, word) VALUES (33, 'Childhood');
INSERT INTO public.book_keywords (book_id, word) VALUES (33, 'Networks');
INSERT INTO public.book_keywords (book_id, word) VALUES (33, 'Technology');
INSERT INTO public.book_keywords (book_id, word) VALUES (33, 'Internet');
INSERT INTO public.book_prices (id, book_id, provider_id, price, currency, format_id, stock) VALUES (96, 33, 6, 261.00, 'NOK', 4, 19);
INSERT INTO public.book_prices (id, book_id, provider_id, price, currency, format_id, stock) VALUES (97, 33, 10, 101.00, 'NOK', 4, 48);
INSERT INTO public.book_prices (id, book_id, provider_id, price, currency, format_id, stock) VALUES (98, 33, 4, 269.00, 'NOK', 3, 29);
INSERT INTO public.book_prices (id, book_id, provider_id, price, currency, format_id, stock) VALUES (99, 33, 7, 84.00, 'NOK', 4, 34);
INSERT INTO public.book_prices (id, book_id, provider_id, price, currency, format_id, stock) VALUES (100, 33, 1, 461.00, 'NOK', 3, 12);
INSERT INTO public.reviews (book_id, user_id, rating, comment) VALUES (33, 7, 5, 'Very enjoyable and engaging.');
INSERT INTO public.reviews (book_id, user_id, rating, comment) VALUES (33, 9, 4, 'Would highly recommend.');
INSERT INTO public.reviews (book_id, user_id, rating, comment) VALUES (33, 17, 3, 'Beautiful writing style.');
INSERT INTO public.reviews (book_id, user_id, rating, comment) VALUES (33, 14, 3, 'Could not put this book down.');
INSERT INTO public.reviews (book_id, user_id, rating, comment) VALUES (33, 8, 4, 'Could not put this book down.');
INSERT INTO public.reviews (book_id, user_id, rating, comment) VALUES (33, 1, 3, 'Beautiful writing style.');
INSERT INTO public.reviews (book_id, user_id, rating, comment) VALUES (33, 15, 4, 'Absolutely fantastic read.');
INSERT INTO public.reviews (book_id, user_id, rating, comment) VALUES (33, 2, 4, 'Absolutely fantastic read.');
INSERT INTO public.books (id, title, description, image_url, published_year, page_count, category_id, publisher_id, sub_category_id) VALUES (34, 'King Lear', 'An engaging story exploring themes of craftsmanship, habits, and security.', 'https://covers.openlibrary.org/b/id/7420452-L.jpg', 1608, 416, 4, 6, 29);
INSERT INTO public.book_authors (book_id, author_id) VALUES (34, 22);
INSERT INTO public.book_keywords (book_id, word) VALUES (34, 'Freedom');
INSERT INTO public.book_keywords (book_id, word) VALUES (34, 'Digital Impact');
INSERT INTO public.book_keywords (book_id, word) VALUES (34, 'Coding');
INSERT INTO public.book_prices (id, book_id, provider_id, price, currency, format_id, stock) VALUES (101, 34, 10, 162.00, 'NOK', 4, 11);
INSERT INTO public.book_prices (id, book_id, provider_id, price, currency, format_id, stock) VALUES (102, 34, 1, 117.00, 'NOK', 1, 21);
INSERT INTO public.reviews (book_id, user_id, rating, comment) VALUES (34, 17, 3, 'Could not put this book down.');
INSERT INTO public.reviews (book_id, user_id, rating, comment) VALUES (34, 6, 3, 'Would highly recommend.');
INSERT INTO public.reviews (book_id, user_id, rating, comment) VALUES (34, 5, 5, 'Solid read overall.');
INSERT INTO public.reviews (book_id, user_id, rating, comment) VALUES (34, 9, 3, 'Very enjoyable and engaging.');
INSERT INTO public.reviews (book_id, user_id, rating, comment) VALUES (34, 16, 4, 'Strong characters and story.');
INSERT INTO public.reviews (book_id, user_id, rating, comment) VALUES (34, 8, 3, 'Strong characters and story.');
INSERT INTO public.authors (id, name) VALUES (29, 'Frances Hodgson Burnett');
INSERT INTO public.books (id, title, description, image_url, published_year, page_count, category_id, publisher_id, sub_category_id) VALUES (35, 'The Secret Garden', 'An engaging story exploring themes of ux design, programming, and wellbeing.', 'https://covers.openlibrary.org/b/id/12622062-L.jpg', 1911, 262, 4, 5, 35);
INSERT INTO public.book_authors (book_id, author_id) VALUES (35, 29);
INSERT INTO public.book_keywords (book_id, word) VALUES (35, 'Tragedy');
INSERT INTO public.book_keywords (book_id, word) VALUES (35, 'Kindness');
INSERT INTO public.book_keywords (book_id, word) VALUES (35, 'Encryption');
INSERT INTO public.book_prices (id, book_id, provider_id, price, currency, format_id, stock) VALUES (103, 35, 10, 197.00, 'NOK', 1, 33);
INSERT INTO public.book_prices (id, book_id, provider_id, price, currency, format_id, stock) VALUES (104, 35, 7, 499.00, 'NOK', 1, 27);
INSERT INTO public.reviews (book_id, user_id, rating, comment) VALUES (35, 6, 3, 'Very enjoyable and engaging.');
INSERT INTO public.reviews (book_id, user_id, rating, comment) VALUES (35, 8, 4, 'Loved the atmosphere and pacing.');
INSERT INTO public.reviews (book_id, user_id, rating, comment) VALUES (35, 5, 5, 'Strong characters and story.');
INSERT INTO public.reviews (book_id, user_id, rating, comment) VALUES (35, 17, 3, 'Beautiful writing style.');
INSERT INTO public.reviews (book_id, user_id, rating, comment) VALUES (35, 7, 3, 'Loved the atmosphere and pacing.');
INSERT INTO public.reviews (book_id, user_id, rating, comment) VALUES (35, 9, 5, 'Beautiful writing style.');
INSERT INTO public.reviews (book_id, user_id, rating, comment) VALUES (35, 19, 4, 'Could not put this book down.');
INSERT INTO public.authors (id, name) VALUES (30, 'Miguel de Cervantes Saavedra');
INSERT INTO public.books (id, title, description, image_url, published_year, page_count, category_id, publisher_id, sub_category_id) VALUES (36, 'Don Quijote de la Mancha', 'An engaging story exploring themes of security, freedom, and kindness.', 'https://covers.openlibrary.org/b/id/14428305-L.jpg', 1600, 383, 4, 9, 32);
INSERT INTO public.book_authors (book_id, author_id) VALUES (36, 30);
INSERT INTO public.book_keywords (book_id, word) VALUES (36, 'Friendship');
INSERT INTO public.book_keywords (book_id, word) VALUES (36, 'Best Practices');
INSERT INTO public.book_keywords (book_id, word) VALUES (36, 'Courage');
INSERT INTO public.book_prices (id, book_id, provider_id, price, currency, format_id, stock) VALUES (105, 36, 1, 140.00, 'NOK', 2, 36);
INSERT INTO public.book_prices (id, book_id, provider_id, price, currency, format_id, stock) VALUES (106, 36, 2, 277.00, 'NOK', 2, 33);
INSERT INTO public.book_prices (id, book_id, provider_id, price, currency, format_id, stock) VALUES (107, 36, 9, 276.00, 'NOK', 4, 3);
INSERT INTO public.book_prices (id, book_id, provider_id, price, currency, format_id, stock) VALUES (108, 36, 3, 138.00, 'NOK', 4, 9);
INSERT INTO public.reviews (book_id, user_id, rating, comment) VALUES (36, 19, 3, 'Loved the atmosphere and pacing.');
INSERT INTO public.reviews (book_id, user_id, rating, comment) VALUES (36, 16, 4, 'Would highly recommend.');
INSERT INTO public.authors (id, name) VALUES (31, 'Gustave Flaubert');
INSERT INTO public.books (id, title, description, image_url, published_year, page_count, category_id, publisher_id, sub_category_id) VALUES (37, 'Madame Bovary', 'An engaging story exploring themes of childhood, security, and adolescence.', 'https://covers.openlibrary.org/b/id/12993424-L.jpg', 1856, 868, 3, 14, 19);
INSERT INTO public.book_authors (book_id, author_id) VALUES (37, 31);
INSERT INTO public.book_keywords (book_id, word) VALUES (37, 'Freedom');
INSERT INTO public.book_keywords (book_id, word) VALUES (37, 'Betrayal');
INSERT INTO public.book_keywords (book_id, word) VALUES (37, 'Rivalry');
INSERT INTO public.book_prices (id, book_id, provider_id, price, currency, format_id, stock) VALUES (109, 37, 5, 408.00, 'NOK', 3, 8);
INSERT INTO public.book_prices (id, book_id, provider_id, price, currency, format_id, stock) VALUES (110, 37, 2, 468.00, 'NOK', 4, 38);
INSERT INTO public.book_prices (id, book_id, provider_id, price, currency, format_id, stock) VALUES (111, 37, 10, 217.00, 'NOK', 1, 34);
INSERT INTO public.reviews (book_id, user_id, rating, comment) VALUES (37, 6, 3, 'Very enjoyable and engaging.');
INSERT INTO public.reviews (book_id, user_id, rating, comment) VALUES (37, 8, 4, 'Would highly recommend.');
INSERT INTO public.reviews (book_id, user_id, rating, comment) VALUES (37, 16, 5, 'Beautiful writing style.');
INSERT INTO public.reviews (book_id, user_id, rating, comment) VALUES (37, 9, 3, 'Loved the atmosphere and pacing.');
INSERT INTO public.authors (id, name) VALUES (32, '孙武 (Sun Tzu)');
INSERT INTO public.books (id, title, description, image_url, published_year, page_count, category_id, publisher_id, sub_category_id) VALUES (38, 'The Art of War', 'An engaging story exploring themes of wellbeing, fantasy, and encryption.', 'https://covers.openlibrary.org/b/id/4849549-L.jpg', 1900, 851, 3, 3, 25);
INSERT INTO public.book_authors (book_id, author_id) VALUES (38, 32);
INSERT INTO public.book_keywords (book_id, word) VALUES (38, 'Justice');
INSERT INTO public.book_keywords (book_id, word) VALUES (38, 'Courage');
INSERT INTO public.book_keywords (book_id, word) VALUES (38, 'Kindness');
INSERT INTO public.book_keywords (book_id, word) VALUES (38, 'Tragedy');
INSERT INTO public.book_prices (id, book_id, provider_id, price, currency, format_id, stock) VALUES (112, 38, 2, 348.00, 'NOK', 1, 6);
INSERT INTO public.book_prices (id, book_id, provider_id, price, currency, format_id, stock) VALUES (113, 38, 3, 406.00, 'NOK', 2, 5);
INSERT INTO public.book_prices (id, book_id, provider_id, price, currency, format_id, stock) VALUES (114, 38, 6, 489.00, 'NOK', 2, 28);
INSERT INTO public.book_prices (id, book_id, provider_id, price, currency, format_id, stock) VALUES (115, 38, 1, 261.00, 'NOK', 4, 21);
INSERT INTO public.book_prices (id, book_id, provider_id, price, currency, format_id, stock) VALUES (116, 38, 2, 250.00, 'NOK', 1, 28);
INSERT INTO public.reviews (book_id, user_id, rating, comment) VALUES (38, 15, 3, 'Could not put this book down.');
INSERT INTO public.reviews (book_id, user_id, rating, comment) VALUES (38, 5, 4, 'Would highly recommend.');
INSERT INTO public.reviews (book_id, user_id, rating, comment) VALUES (38, 2, 3, 'Could not put this book down.');
INSERT INTO public.reviews (book_id, user_id, rating, comment) VALUES (38, 14, 3, 'Loved the atmosphere and pacing.');
INSERT INTO public.books (id, title, description, image_url, published_year, page_count, category_id, publisher_id, sub_category_id) VALUES (39, 'A Midsummer Night''s Dream', 'An engaging story exploring themes of guilt, ux design, and justice.', 'https://covers.openlibrary.org/b/id/7205924-L.jpg', 1600, 801, 4, 15, 35);
INSERT INTO public.book_authors (book_id, author_id) VALUES (39, 22);
INSERT INTO public.book_keywords (book_id, word) VALUES (39, 'Friendship');
INSERT INTO public.book_keywords (book_id, word) VALUES (39, 'Loyalty');
INSERT INTO public.book_keywords (book_id, word) VALUES (39, 'Lifestyle');
INSERT INTO public.book_keywords (book_id, word) VALUES (39, 'Productivity');
INSERT INTO public.book_prices (id, book_id, provider_id, price, currency, format_id, stock) VALUES (117, 39, 9, 132.00, 'NOK', 1, 21);
INSERT INTO public.book_prices (id, book_id, provider_id, price, currency, format_id, stock) VALUES (118, 39, 6, 394.00, 'NOK', 4, 10);
INSERT INTO public.book_prices (id, book_id, provider_id, price, currency, format_id, stock) VALUES (119, 39, 5, 115.00, 'NOK', 4, 37);
INSERT INTO public.book_prices (id, book_id, provider_id, price, currency, format_id, stock) VALUES (120, 39, 4, 119.00, 'NOK', 3, 22);
INSERT INTO public.book_prices (id, book_id, provider_id, price, currency, format_id, stock) VALUES (121, 39, 1, 463.00, 'NOK', 4, 32);
INSERT INTO public.reviews (book_id, user_id, rating, comment) VALUES (39, 17, 3, 'Solid read overall.');
INSERT INTO public.reviews (book_id, user_id, rating, comment) VALUES (39, 9, 5, 'Absolutely fantastic read.');
INSERT INTO public.reviews (book_id, user_id, rating, comment) VALUES (39, 8, 5, 'Strong characters and story.');
INSERT INTO public.reviews (book_id, user_id, rating, comment) VALUES (39, 6, 4, 'Loved the atmosphere and pacing.');
INSERT INTO public.reviews (book_id, user_id, rating, comment) VALUES (39, 5, 4, 'Very enjoyable and engaging.');
INSERT INTO public.reviews (book_id, user_id, rating, comment) VALUES (39, 19, 3, 'Could not put this book down.');
INSERT INTO public.reviews (book_id, user_id, rating, comment) VALUES (39, 18, 5, 'Could not put this book down.');
INSERT INTO public.authors (id, name) VALUES (33, 'Niccolò Machiavelli');
INSERT INTO public.books (id, title, description, image_url, published_year, page_count, category_id, publisher_id, sub_category_id) VALUES (40, 'The Prince', 'An engaging story exploring themes of guilt, betrayal, and love.', 'https://covers.openlibrary.org/b/id/12726168-L.jpg', 1515, 804, 1, 5, 3);
INSERT INTO public.book_authors (book_id, author_id) VALUES (40, 33);
INSERT INTO public.book_keywords (book_id, word) VALUES (40, 'Betrayal');
INSERT INTO public.book_keywords (book_id, word) VALUES (40, 'Media');
INSERT INTO public.book_keywords (book_id, word) VALUES (40, 'Digital Habits');
INSERT INTO public.book_prices (id, book_id, provider_id, price, currency, format_id, stock) VALUES (122, 40, 10, 145.00, 'NOK', 1, 23);
INSERT INTO public.book_prices (id, book_id, provider_id, price, currency, format_id, stock) VALUES (123, 40, 2, 84.00, 'NOK', 2, 15);
INSERT INTO public.book_prices (id, book_id, provider_id, price, currency, format_id, stock) VALUES (124, 40, 6, 409.00, 'NOK', 3, 15);
INSERT INTO public.book_prices (id, book_id, provider_id, price, currency, format_id, stock) VALUES (125, 40, 10, 423.00, 'NOK', 4, 45);
INSERT INTO public.reviews (book_id, user_id, rating, comment) VALUES (40, 5, 3, 'Absolutely fantastic read.');
INSERT INTO public.reviews (book_id, user_id, rating, comment) VALUES (40, 14, 4, 'Solid read overall.');
INSERT INTO public.reviews (book_id, user_id, rating, comment) VALUES (40, 2, 4, 'Loved the atmosphere and pacing.');
INSERT INTO public.reviews (book_id, user_id, rating, comment) VALUES (40, 7, 4, 'Very enjoyable and engaging.');
INSERT INTO public.reviews (book_id, user_id, rating, comment) VALUES (40, 16, 3, 'Very enjoyable and engaging.');
INSERT INTO public.reviews (book_id, user_id, rating, comment) VALUES (40, 18, 3, 'Would highly recommend.');
INSERT INTO public.books (id, title, description, image_url, published_year, page_count, category_id, publisher_id, sub_category_id) VALUES (41, 'Through the Looking-Glass', 'An engaging story exploring themes of empathy, digital impact, and best practices.', 'https://covers.openlibrary.org/b/id/11272464-L.jpg', 1865, 836, 1, 13, 5);
INSERT INTO public.book_authors (book_id, author_id) VALUES (41, 15);
INSERT INTO public.book_keywords (book_id, word) VALUES (41, 'Friendship');
INSERT INTO public.book_keywords (book_id, word) VALUES (41, 'Courage');
INSERT INTO public.book_keywords (book_id, word) VALUES (41, 'Freedom');
INSERT INTO public.book_keywords (book_id, word) VALUES (41, 'Networks');
INSERT INTO public.book_prices (id, book_id, provider_id, price, currency, format_id, stock) VALUES (126, 41, 10, 112.00, 'NOK', 1, 13);
INSERT INTO public.book_prices (id, book_id, provider_id, price, currency, format_id, stock) VALUES (127, 41, 6, 165.00, 'NOK', 1, 23);
INSERT INTO public.book_prices (id, book_id, provider_id, price, currency, format_id, stock) VALUES (128, 41, 1, 468.00, 'NOK', 2, 48);
INSERT INTO public.book_prices (id, book_id, provider_id, price, currency, format_id, stock) VALUES (129, 41, 2, 356.00, 'NOK', 1, 47);
INSERT INTO public.book_prices (id, book_id, provider_id, price, currency, format_id, stock) VALUES (130, 41, 9, 302.00, 'NOK', 4, 41);
INSERT INTO public.reviews (book_id, user_id, rating, comment) VALUES (41, 1, 4, 'Loved the atmosphere and pacing.');
INSERT INTO public.reviews (book_id, user_id, rating, comment) VALUES (41, 2, 3, 'Beautiful writing style.');
INSERT INTO public.reviews (book_id, user_id, rating, comment) VALUES (41, 17, 5, 'Beautiful writing style.');
INSERT INTO public.reviews (book_id, user_id, rating, comment) VALUES (41, 5, 4, 'Loved the atmosphere and pacing.');
INSERT INTO public.authors (id, name) VALUES (34, 'Kenneth Grahame');
INSERT INTO public.books (id, title, description, image_url, published_year, page_count, category_id, publisher_id, sub_category_id) VALUES (42, 'The Wind in the Willows', 'An engaging story exploring themes of justice, lifestyle, and cognition.', 'https://covers.openlibrary.org/b/id/13335427-L.jpg', 1908, 681, 3, 7, 23);
INSERT INTO public.book_authors (book_id, author_id) VALUES (42, 34);
INSERT INTO public.book_keywords (book_id, word) VALUES (42, 'Rebellion');
INSERT INTO public.book_keywords (book_id, word) VALUES (42, 'Animals');
INSERT INTO public.book_keywords (book_id, word) VALUES (42, 'Cognition');
INSERT INTO public.book_prices (id, book_id, provider_id, price, currency, format_id, stock) VALUES (131, 42, 7, 404.00, 'NOK', 3, 16);
INSERT INTO public.book_prices (id, book_id, provider_id, price, currency, format_id, stock) VALUES (132, 42, 6, 265.00, 'NOK', 2, 34);
INSERT INTO public.book_prices (id, book_id, provider_id, price, currency, format_id, stock) VALUES (133, 42, 5, 243.00, 'NOK', 2, 34);
INSERT INTO public.reviews (book_id, user_id, rating, comment) VALUES (42, 2, 4, 'Could not put this book down.');
INSERT INTO public.reviews (book_id, user_id, rating, comment) VALUES (42, 1, 5, 'Strong characters and story.');
INSERT INTO public.reviews (book_id, user_id, rating, comment) VALUES (42, 15, 3, 'Loved the atmosphere and pacing.');
INSERT INTO public.authors (id, name) VALUES (35, 'Edith Nesbit');
INSERT INTO public.books (id, title, description, image_url, published_year, page_count, category_id, publisher_id, sub_category_id) VALUES (43, 'Five Children and It', 'An engaging story exploring themes of dystopia, attention, and morality.', 'https://covers.openlibrary.org/b/id/28174-L.jpg', 1905, 686, 2, 11, 13);
INSERT INTO public.book_authors (book_id, author_id) VALUES (43, 35);
INSERT INTO public.book_keywords (book_id, word) VALUES (43, 'Animals');
INSERT INTO public.book_keywords (book_id, word) VALUES (43, 'Encryption');
INSERT INTO public.book_keywords (book_id, word) VALUES (43, 'Courage');
INSERT INTO public.book_keywords (book_id, word) VALUES (43, 'Attention');
INSERT INTO public.book_keywords (book_id, word) VALUES (43, 'Empathy');
INSERT INTO public.book_prices (id, book_id, provider_id, price, currency, format_id, stock) VALUES (134, 43, 4, 186.00, 'NOK', 2, 33);
INSERT INTO public.book_prices (id, book_id, provider_id, price, currency, format_id, stock) VALUES (135, 43, 4, 483.00, 'NOK', 3, 42);
INSERT INTO public.book_prices (id, book_id, provider_id, price, currency, format_id, stock) VALUES (136, 43, 2, 226.00, 'NOK', 4, 24);
INSERT INTO public.reviews (book_id, user_id, rating, comment) VALUES (43, 14, 5, 'Loved the atmosphere and pacing.');
INSERT INTO public.reviews (book_id, user_id, rating, comment) VALUES (43, 6, 4, 'Could not put this book down.');
INSERT INTO public.reviews (book_id, user_id, rating, comment) VALUES (43, 9, 3, 'Very enjoyable and engaging.');
INSERT INTO public.reviews (book_id, user_id, rating, comment) VALUES (43, 15, 4, 'Could not put this book down.');
INSERT INTO public.authors (id, name) VALUES (36, 'George MacDonald');
INSERT INTO public.books (id, title, description, image_url, published_year, page_count, category_id, publisher_id, sub_category_id) VALUES (44, 'The Princess and the Goblin', 'An engaging story exploring themes of habits, adolescence, and loyalty.', 'https://covers.openlibrary.org/b/id/14363454-L.jpg', 1872, 450, 1, 8, 10);
INSERT INTO public.book_authors (book_id, author_id) VALUES (44, 36);
INSERT INTO public.book_keywords (book_id, word) VALUES (44, 'Childhood');
INSERT INTO public.book_keywords (book_id, word) VALUES (44, 'Craftsmanship');
INSERT INTO public.book_keywords (book_id, word) VALUES (44, 'Coding');
INSERT INTO public.book_keywords (book_id, word) VALUES (44, 'Networks');
INSERT INTO public.book_keywords (book_id, word) VALUES (44, 'Encryption');
INSERT INTO public.book_prices (id, book_id, provider_id, price, currency, format_id, stock) VALUES (137, 44, 4, 432.00, 'NOK', 1, 16);
INSERT INTO public.book_prices (id, book_id, provider_id, price, currency, format_id, stock) VALUES (138, 44, 9, 353.00, 'NOK', 1, 5);
INSERT INTO public.book_prices (id, book_id, provider_id, price, currency, format_id, stock) VALUES (139, 44, 3, 172.00, 'NOK', 4, 18);
INSERT INTO public.book_prices (id, book_id, provider_id, price, currency, format_id, stock) VALUES (140, 44, 10, 137.00, 'NOK', 2, 41);
INSERT INTO public.book_prices (id, book_id, provider_id, price, currency, format_id, stock) VALUES (141, 44, 3, 149.00, 'NOK', 2, 14);
INSERT INTO public.reviews (book_id, user_id, rating, comment) VALUES (44, 19, 3, 'Very enjoyable and engaging.');
INSERT INTO public.reviews (book_id, user_id, rating, comment) VALUES (44, 2, 5, 'Loved the atmosphere and pacing.');
INSERT INTO public.reviews (book_id, user_id, rating, comment) VALUES (44, 16, 4, 'Absolutely fantastic read.');
INSERT INTO public.reviews (book_id, user_id, rating, comment) VALUES (44, 9, 4, 'Could not put this book down.');
INSERT INTO public.reviews (book_id, user_id, rating, comment) VALUES (44, 6, 5, 'Beautiful writing style.');
INSERT INTO public.authors (id, name) VALUES (37, 'Arthur Conan Doyle');
INSERT INTO public.books (id, title, description, image_url, published_year, page_count, category_id, publisher_id, sub_category_id) VALUES (45, 'The Lost World', 'An engaging story exploring themes of animals, mystery, and cognition.', 'https://covers.openlibrary.org/b/id/8231444-L.jpg', 1900, 641, 3, 6, 19);
INSERT INTO public.book_authors (book_id, author_id) VALUES (45, 37);
INSERT INTO public.book_keywords (book_id, word) VALUES (45, 'Productivity');
INSERT INTO public.book_keywords (book_id, word) VALUES (45, 'Cognition');
INSERT INTO public.book_keywords (book_id, word) VALUES (45, 'Childhood');
INSERT INTO public.book_keywords (book_id, word) VALUES (45, 'Wealth');
INSERT INTO public.book_keywords (book_id, word) VALUES (45, 'Digital Products');
INSERT INTO public.book_prices (id, book_id, provider_id, price, currency, format_id, stock) VALUES (142, 45, 9, 177.00, 'NOK', 4, 28);
INSERT INTO public.book_prices (id, book_id, provider_id, price, currency, format_id, stock) VALUES (143, 45, 4, 287.00, 'NOK', 3, 35);
INSERT INTO public.book_prices (id, book_id, provider_id, price, currency, format_id, stock) VALUES (144, 45, 9, 306.00, 'NOK', 3, 32);
INSERT INTO public.book_prices (id, book_id, provider_id, price, currency, format_id, stock) VALUES (145, 45, 3, 282.00, 'NOK', 2, 12);
INSERT INTO public.reviews (book_id, user_id, rating, comment) VALUES (45, 1, 4, 'Loved the atmosphere and pacing.');
INSERT INTO public.reviews (book_id, user_id, rating, comment) VALUES (45, 14, 4, 'Absolutely fantastic read.');
INSERT INTO public.reviews (book_id, user_id, rating, comment) VALUES (45, 17, 4, 'Beautiful writing style.');
INSERT INTO public.reviews (book_id, user_id, rating, comment) VALUES (45, 7, 5, 'Would highly recommend.');
INSERT INTO public.reviews (book_id, user_id, rating, comment) VALUES (45, 9, 5, 'Loved the atmosphere and pacing.');
INSERT INTO public.books (id, title, description, image_url, published_year, page_count, category_id, publisher_id, sub_category_id) VALUES (46, 'The Marvelous Land of Oz', 'An engaging story exploring themes of programming, magic, and loyalty.', 'https://covers.openlibrary.org/b/id/12648656-L.jpg', 1904, 725, 1, 1, 3);
INSERT INTO public.book_authors (book_id, author_id) VALUES (46, 24);
INSERT INTO public.book_keywords (book_id, word) VALUES (46, 'Love');
INSERT INTO public.book_keywords (book_id, word) VALUES (46, 'Adolescence');
INSERT INTO public.book_keywords (book_id, word) VALUES (46, 'Childhood');
INSERT INTO public.book_keywords (book_id, word) VALUES (46, 'Security');
INSERT INTO public.book_keywords (book_id, word) VALUES (46, 'Lifestyle');
INSERT INTO public.book_prices (id, book_id, provider_id, price, currency, format_id, stock) VALUES (146, 46, 10, 190.00, 'NOK', 2, 40);
INSERT INTO public.book_prices (id, book_id, provider_id, price, currency, format_id, stock) VALUES (147, 46, 2, 193.00, 'NOK', 2, 40);
INSERT INTO public.book_prices (id, book_id, provider_id, price, currency, format_id, stock) VALUES (148, 46, 2, 338.00, 'NOK', 4, 19);
INSERT INTO public.reviews (book_id, user_id, rating, comment) VALUES (46, 19, 4, 'Loved the atmosphere and pacing.');
INSERT INTO public.reviews (book_id, user_id, rating, comment) VALUES (46, 6, 5, 'Solid read overall.');
INSERT INTO public.books (id, title, description, image_url, published_year, page_count, category_id, publisher_id, sub_category_id) VALUES (47, 'Ozma of Oz', 'An engaging story exploring themes of attention, courage, and freedom.', 'https://covers.openlibrary.org/b/id/12648657-L.jpg', 1907, 432, 4, 14, 31);
INSERT INTO public.book_authors (book_id, author_id) VALUES (47, 24);
INSERT INTO public.book_keywords (book_id, word) VALUES (47, 'Justice');
INSERT INTO public.book_keywords (book_id, word) VALUES (47, 'Magic');
INSERT INTO public.book_keywords (book_id, word) VALUES (47, 'Romance');
INSERT INTO public.book_prices (id, book_id, provider_id, price, currency, format_id, stock) VALUES (149, 47, 5, 312.00, 'NOK', 3, 50);
INSERT INTO public.book_prices (id, book_id, provider_id, price, currency, format_id, stock) VALUES (150, 47, 3, 95.00, 'NOK', 2, 33);
INSERT INTO public.book_prices (id, book_id, provider_id, price, currency, format_id, stock) VALUES (151, 47, 8, 178.00, 'NOK', 3, 26);
INSERT INTO public.book_prices (id, book_id, provider_id, price, currency, format_id, stock) VALUES (152, 47, 5, 188.00, 'NOK', 3, 40);
INSERT INTO public.book_prices (id, book_id, provider_id, price, currency, format_id, stock) VALUES (153, 47, 2, 199.00, 'NOK', 3, 32);
INSERT INTO public.reviews (book_id, user_id, rating, comment) VALUES (47, 16, 5, 'Very enjoyable and engaging.');
INSERT INTO public.reviews (book_id, user_id, rating, comment) VALUES (47, 7, 5, 'Loved the atmosphere and pacing.');
INSERT INTO public.authors (id, name) VALUES (38, 'Antoine de Saint-Exupéry');
INSERT INTO public.books (id, title, description, image_url, published_year, page_count, category_id, publisher_id, sub_category_id) VALUES (48, 'Le petit prince', 'An engaging story exploring themes of encryption, wellbeing, and cyber threats.', 'https://covers.openlibrary.org/b/id/10708272-L.jpg', 1943, 216, 3, 2, 23);
INSERT INTO public.book_authors (book_id, author_id) VALUES (48, 38);
INSERT INTO public.book_keywords (book_id, word) VALUES (48, 'Adolescence');
INSERT INTO public.book_keywords (book_id, word) VALUES (48, 'Magic');
INSERT INTO public.book_keywords (book_id, word) VALUES (48, 'Cyber Threats');
INSERT INTO public.book_keywords (book_id, word) VALUES (48, 'Technology');
INSERT INTO public.book_keywords (book_id, word) VALUES (48, 'Security');
INSERT INTO public.book_prices (id, book_id, provider_id, price, currency, format_id, stock) VALUES (154, 48, 10, 267.00, 'NOK', 2, 3);
INSERT INTO public.book_prices (id, book_id, provider_id, price, currency, format_id, stock) VALUES (155, 48, 9, 117.00, 'NOK', 4, 4);
INSERT INTO public.book_prices (id, book_id, provider_id, price, currency, format_id, stock) VALUES (156, 48, 1, 405.00, 'NOK', 1, 8);
INSERT INTO public.reviews (book_id, user_id, rating, comment) VALUES (48, 1, 3, 'Could not put this book down.');
INSERT INTO public.reviews (book_id, user_id, rating, comment) VALUES (48, 8, 5, 'Very enjoyable and engaging.');
INSERT INTO public.reviews (book_id, user_id, rating, comment) VALUES (48, 9, 4, 'Would highly recommend.');
INSERT INTO public.reviews (book_id, user_id, rating, comment) VALUES (48, 7, 4, 'Strong characters and story.');
INSERT INTO public.reviews (book_id, user_id, rating, comment) VALUES (48, 15, 4, 'Beautiful writing style.');
INSERT INTO public.reviews (book_id, user_id, rating, comment) VALUES (48, 17, 3, 'Loved the atmosphere and pacing.');
INSERT INTO public.reviews (book_id, user_id, rating, comment) VALUES (48, 2, 5, 'Would highly recommend.');
INSERT INTO public.books (id, title, description, image_url, published_year, page_count, category_id, publisher_id, sub_category_id) VALUES (49, 'The Emerald City of Oz', 'An engaging story exploring themes of digital products, coding, and ux design.', 'https://covers.openlibrary.org/b/id/1473556-L.jpg', 1910, 684, 1, 14, 10);
INSERT INTO public.book_authors (book_id, author_id) VALUES (49, 24);
INSERT INTO public.book_keywords (book_id, word) VALUES (49, 'Wellbeing');
INSERT INTO public.book_keywords (book_id, word) VALUES (49, 'Networks');
INSERT INTO public.book_keywords (book_id, word) VALUES (49, 'Freedom');
INSERT INTO public.book_keywords (book_id, word) VALUES (49, 'Love');
INSERT INTO public.book_keywords (book_id, word) VALUES (49, 'Security');
INSERT INTO public.book_prices (id, book_id, provider_id, price, currency, format_id, stock) VALUES (157, 49, 8, 442.00, 'NOK', 2, 6);
INSERT INTO public.book_prices (id, book_id, provider_id, price, currency, format_id, stock) VALUES (158, 49, 2, 448.00, 'NOK', 2, 1);
INSERT INTO public.book_prices (id, book_id, provider_id, price, currency, format_id, stock) VALUES (159, 49, 8, 187.00, 'NOK', 3, 8);
INSERT INTO public.book_prices (id, book_id, provider_id, price, currency, format_id, stock) VALUES (160, 49, 4, 395.00, 'NOK', 3, 30);
INSERT INTO public.reviews (book_id, user_id, rating, comment) VALUES (49, 19, 4, 'Could not put this book down.');
INSERT INTO public.reviews (book_id, user_id, rating, comment) VALUES (49, 7, 4, 'Could not put this book down.');
INSERT INTO public.reviews (book_id, user_id, rating, comment) VALUES (49, 14, 4, 'Loved the atmosphere and pacing.');
INSERT INTO public.reviews (book_id, user_id, rating, comment) VALUES (49, 1, 3, 'Very enjoyable and engaging.');
INSERT INTO public.reviews (book_id, user_id, rating, comment) VALUES (49, 17, 3, 'Loved the atmosphere and pacing.');
INSERT INTO public.books (id, title, description, image_url, published_year, page_count, category_id, publisher_id, sub_category_id) VALUES (50, 'Dorothy and the Wizard in Oz', 'An engaging story exploring themes of technology, friendship, and redemption.', 'https://covers.openlibrary.org/b/id/12648659-L.jpg', 1908, 592, 4, 13, 33);
INSERT INTO public.book_authors (book_id, author_id) VALUES (50, 24);
INSERT INTO public.book_keywords (book_id, word) VALUES (50, 'Surveillance');
INSERT INTO public.book_keywords (book_id, word) VALUES (50, 'Empathy');
INSERT INTO public.book_keywords (book_id, word) VALUES (50, 'Tragedy');
INSERT INTO public.book_prices (id, book_id, provider_id, price, currency, format_id, stock) VALUES (161, 50, 5, 85.00, 'NOK', 3, 11);
INSERT INTO public.book_prices (id, book_id, provider_id, price, currency, format_id, stock) VALUES (162, 50, 2, 326.00, 'NOK', 2, 29);
INSERT INTO public.book_prices (id, book_id, provider_id, price, currency, format_id, stock) VALUES (163, 50, 7, 84.00, 'NOK', 4, 13);
INSERT INTO public.book_prices (id, book_id, provider_id, price, currency, format_id, stock) VALUES (164, 50, 8, 127.00, 'NOK', 4, 1);
INSERT INTO public.book_prices (id, book_id, provider_id, price, currency, format_id, stock) VALUES (165, 50, 6, 237.00, 'NOK', 4, 14);
INSERT INTO public.reviews (book_id, user_id, rating, comment) VALUES (50, 1, 5, 'Absolutely fantastic read.');
INSERT INTO public.reviews (book_id, user_id, rating, comment) VALUES (50, 2, 4, 'Strong characters and story.');
INSERT INTO public.reviews (book_id, user_id, rating, comment) VALUES (50, 14, 3, 'Could not put this book down.');
INSERT INTO public.reviews (book_id, user_id, rating, comment) VALUES (50, 5, 5, 'Solid read overall.');
INSERT INTO public.reviews (book_id, user_id, rating, comment) VALUES (50, 19, 3, 'Very enjoyable and engaging.');
INSERT INTO public.reviews (book_id, user_id, rating, comment) VALUES (50, 15, 3, 'Strong characters and story.');
INSERT INTO public.books (id, title, description, image_url, published_year, page_count, category_id, publisher_id, sub_category_id) VALUES (51, 'The Lost Princess of Oz', 'An engaging story exploring themes of justice, habits, and totalitarianism.', 'https://covers.openlibrary.org/b/id/854819-L.jpg', 1917, 359, 2, 13, 13);
INSERT INTO public.book_authors (book_id, author_id) VALUES (51, 24);
INSERT INTO public.book_keywords (book_id, word) VALUES (51, 'Courage');
INSERT INTO public.book_keywords (book_id, word) VALUES (51, 'Redemption');
INSERT INTO public.book_keywords (book_id, word) VALUES (51, 'Productivity');
INSERT INTO public.book_keywords (book_id, word) VALUES (51, 'Coding');
INSERT INTO public.book_keywords (book_id, word) VALUES (51, 'Networks');
INSERT INTO public.book_prices (id, book_id, provider_id, price, currency, format_id, stock) VALUES (166, 51, 10, 354.00, 'NOK', 2, 12);
INSERT INTO public.book_prices (id, book_id, provider_id, price, currency, format_id, stock) VALUES (167, 51, 1, 463.00, 'NOK', 3, 50);
INSERT INTO public.book_prices (id, book_id, provider_id, price, currency, format_id, stock) VALUES (168, 51, 2, 90.00, 'NOK', 1, 10);
INSERT INTO public.book_prices (id, book_id, provider_id, price, currency, format_id, stock) VALUES (169, 51, 3, 477.00, 'NOK', 1, 49);
INSERT INTO public.book_prices (id, book_id, provider_id, price, currency, format_id, stock) VALUES (170, 51, 10, 419.00, 'NOK', 2, 7);
INSERT INTO public.reviews (book_id, user_id, rating, comment) VALUES (51, 1, 3, 'Solid read overall.');
INSERT INTO public.reviews (book_id, user_id, rating, comment) VALUES (51, 17, 5, 'Solid read overall.');
INSERT INTO public.reviews (book_id, user_id, rating, comment) VALUES (51, 2, 5, 'Loved the atmosphere and pacing.');
INSERT INTO public.reviews (book_id, user_id, rating, comment) VALUES (51, 14, 3, 'Strong characters and story.');
INSERT INTO public.reviews (book_id, user_id, rating, comment) VALUES (51, 19, 5, 'Could not put this book down.');
INSERT INTO public.reviews (book_id, user_id, rating, comment) VALUES (51, 8, 4, 'Would highly recommend.');
INSERT INTO public.reviews (book_id, user_id, rating, comment) VALUES (51, 7, 3, 'Very enjoyable and engaging.');
INSERT INTO public.reviews (book_id, user_id, rating, comment) VALUES (51, 15, 4, 'Absolutely fantastic read.');
INSERT INTO public.books (id, title, description, image_url, published_year, page_count, category_id, publisher_id, sub_category_id) VALUES (52, 'The Story of the Amulet', 'An engaging story exploring themes of media, software engineering, and redemption.', 'https://covers.openlibrary.org/b/id/13241470-L.jpg', 1905, 418, 3, 1, 27);
INSERT INTO public.book_authors (book_id, author_id) VALUES (52, 35);
INSERT INTO public.book_keywords (book_id, word) VALUES (52, 'Courage');
INSERT INTO public.book_keywords (book_id, word) VALUES (52, 'Software Engineering');
INSERT INTO public.book_keywords (book_id, word) VALUES (52, 'Digital Impact');
INSERT INTO public.book_keywords (book_id, word) VALUES (52, 'Rebellion');
INSERT INTO public.book_keywords (book_id, word) VALUES (52, 'Programming');
INSERT INTO public.book_prices (id, book_id, provider_id, price, currency, format_id, stock) VALUES (171, 52, 7, 346.00, 'NOK', 2, 35);
INSERT INTO public.book_prices (id, book_id, provider_id, price, currency, format_id, stock) VALUES (172, 52, 8, 406.00, 'NOK', 3, 46);
INSERT INTO public.book_prices (id, book_id, provider_id, price, currency, format_id, stock) VALUES (173, 52, 8, 208.00, 'NOK', 2, 13);
INSERT INTO public.reviews (book_id, user_id, rating, comment) VALUES (52, 8, 5, 'Very enjoyable and engaging.');
INSERT INTO public.reviews (book_id, user_id, rating, comment) VALUES (52, 6, 5, 'Strong characters and story.');
INSERT INTO public.reviews (book_id, user_id, rating, comment) VALUES (52, 17, 3, 'Could not put this book down.');
INSERT INTO public.reviews (book_id, user_id, rating, comment) VALUES (52, 18, 4, 'Solid read overall.');
INSERT INTO public.books (id, title, description, image_url, published_year, page_count, category_id, publisher_id, sub_category_id) VALUES (53, 'The Complete Life and Adventures of Santa Claus', 'An engaging story exploring themes of digital impact, courage, and wellbeing.', 'https://covers.openlibrary.org/b/id/1979059-L.jpg', 1902, 750, 4, 7, 34);
INSERT INTO public.book_authors (book_id, author_id) VALUES (53, 24);
INSERT INTO public.book_keywords (book_id, word) VALUES (53, 'Empathy');
INSERT INTO public.book_keywords (book_id, word) VALUES (53, 'Fantasy');
INSERT INTO public.book_keywords (book_id, word) VALUES (53, 'Animals');
INSERT INTO public.book_keywords (book_id, word) VALUES (53, 'Guilt');
INSERT INTO public.book_keywords (book_id, word) VALUES (53, 'Risk Management');
INSERT INTO public.book_prices (id, book_id, provider_id, price, currency, format_id, stock) VALUES (174, 53, 7, 115.00, 'NOK', 3, 21);
INSERT INTO public.book_prices (id, book_id, provider_id, price, currency, format_id, stock) VALUES (175, 53, 9, 290.00, 'NOK', 4, 23);
INSERT INTO public.book_prices (id, book_id, provider_id, price, currency, format_id, stock) VALUES (176, 53, 10, 405.00, 'NOK', 3, 31);
INSERT INTO public.book_prices (id, book_id, provider_id, price, currency, format_id, stock) VALUES (177, 53, 2, 121.00, 'NOK', 2, 38);
INSERT INTO public.reviews (book_id, user_id, rating, comment) VALUES (53, 14, 4, 'Solid read overall.');
INSERT INTO public.reviews (book_id, user_id, rating, comment) VALUES (53, 2, 5, 'Loved the atmosphere and pacing.');
INSERT INTO public.reviews (book_id, user_id, rating, comment) VALUES (53, 7, 4, 'Solid read overall.');
INSERT INTO public.reviews (book_id, user_id, rating, comment) VALUES (53, 16, 5, 'Absolutely fantastic read.');
INSERT INTO public.reviews (book_id, user_id, rating, comment) VALUES (53, 18, 5, 'Strong characters and story.');
INSERT INTO public.reviews (book_id, user_id, rating, comment) VALUES (53, 8, 3, 'Solid read overall.');
INSERT INTO public.books (id, title, description, image_url, published_year, page_count, category_id, publisher_id, sub_category_id) VALUES (54, 'Alice''s Adventures in Wonderland / Through the Looking Glass', 'An engaging story exploring themes of fantasy, loyalty, and redemption.', 'https://covers.openlibrary.org/b/id/8595966-L.jpg', 1889, 343, 1, 7, 9);
INSERT INTO public.book_authors (book_id, author_id) VALUES (54, 15);
INSERT INTO public.book_keywords (book_id, word) VALUES (54, 'Romance');
INSERT INTO public.book_keywords (book_id, word) VALUES (54, 'Technology');
INSERT INTO public.book_keywords (book_id, word) VALUES (54, 'Empathy');
INSERT INTO public.book_keywords (book_id, word) VALUES (54, 'Productivity');
INSERT INTO public.book_prices (id, book_id, provider_id, price, currency, format_id, stock) VALUES (178, 54, 1, 457.00, 'NOK', 4, 40);
INSERT INTO public.book_prices (id, book_id, provider_id, price, currency, format_id, stock) VALUES (179, 54, 10, 374.00, 'NOK', 4, 4);
INSERT INTO public.book_prices (id, book_id, provider_id, price, currency, format_id, stock) VALUES (180, 54, 5, 279.00, 'NOK', 1, 41);
INSERT INTO public.book_prices (id, book_id, provider_id, price, currency, format_id, stock) VALUES (181, 54, 1, 471.00, 'NOK', 2, 9);
INSERT INTO public.reviews (book_id, user_id, rating, comment) VALUES (54, 9, 4, 'Would highly recommend.');
INSERT INTO public.reviews (book_id, user_id, rating, comment) VALUES (54, 6, 3, 'Loved the atmosphere and pacing.');
INSERT INTO public.reviews (book_id, user_id, rating, comment) VALUES (54, 2, 4, 'Would highly recommend.');
INSERT INTO public.reviews (book_id, user_id, rating, comment) VALUES (54, 15, 4, 'Very enjoyable and engaging.');
INSERT INTO public.reviews (book_id, user_id, rating, comment) VALUES (54, 7, 5, 'Strong characters and story.');
INSERT INTO public.reviews (book_id, user_id, rating, comment) VALUES (54, 5, 5, 'Loved the atmosphere and pacing.');
INSERT INTO public.reviews (book_id, user_id, rating, comment) VALUES (54, 8, 4, 'Strong characters and story.');
INSERT INTO public.books (id, title, description, image_url, published_year, page_count, category_id, publisher_id, sub_category_id) VALUES (55, 'Nineteen Eighty-Four', 'An engaging story exploring themes of craftsmanship, courage, and intelligence.', 'https://covers.openlibrary.org/b/id/9267242-L.jpg', 1949, 890, 3, 2, 22);
INSERT INTO public.book_authors (book_id, author_id) VALUES (55, 2);
INSERT INTO public.book_keywords (book_id, word) VALUES (55, 'Technology');
INSERT INTO public.book_keywords (book_id, word) VALUES (55, 'Coming-of-age');
INSERT INTO public.book_keywords (book_id, word) VALUES (55, 'Digital Habits');
INSERT INTO public.book_keywords (book_id, word) VALUES (55, 'Empathy');
INSERT INTO public.book_prices (id, book_id, provider_id, price, currency, format_id, stock) VALUES (182, 55, 10, 375.00, 'NOK', 2, 10);
INSERT INTO public.book_prices (id, book_id, provider_id, price, currency, format_id, stock) VALUES (183, 55, 10, 240.00, 'NOK', 3, 36);
INSERT INTO public.book_prices (id, book_id, provider_id, price, currency, format_id, stock) VALUES (184, 55, 1, 223.00, 'NOK', 2, 35);
INSERT INTO public.reviews (book_id, user_id, rating, comment) VALUES (55, 14, 5, 'Very enjoyable and engaging.');
INSERT INTO public.reviews (book_id, user_id, rating, comment) VALUES (55, 6, 3, 'Would highly recommend.');
INSERT INTO public.reviews (book_id, user_id, rating, comment) VALUES (55, 8, 4, 'Beautiful writing style.');
INSERT INTO public.books (id, title, description, image_url, published_year, page_count, category_id, publisher_id, sub_category_id) VALUES (56, 'The Road to Oz', 'An engaging story exploring themes of productivity, behavior psychology, and animals.', 'https://covers.openlibrary.org/b/id/8243922-L.jpg', 1909, 566, 1, 9, 2);
INSERT INTO public.book_authors (book_id, author_id) VALUES (56, 24);
INSERT INTO public.book_keywords (book_id, word) VALUES (56, 'Loyalty');
INSERT INTO public.book_keywords (book_id, word) VALUES (56, 'Technology');
INSERT INTO public.book_keywords (book_id, word) VALUES (56, 'Rivalry');
INSERT INTO public.book_prices (id, book_id, provider_id, price, currency, format_id, stock) VALUES (185, 56, 3, 358.00, 'NOK', 2, 45);
INSERT INTO public.book_prices (id, book_id, provider_id, price, currency, format_id, stock) VALUES (186, 56, 6, 384.00, 'NOK', 3, 4);
INSERT INTO public.reviews (book_id, user_id, rating, comment) VALUES (56, 1, 5, 'Very enjoyable and engaging.');
INSERT INTO public.reviews (book_id, user_id, rating, comment) VALUES (56, 19, 5, 'Loved the atmosphere and pacing.');
INSERT INTO public.books (id, title, description, image_url, published_year, page_count, category_id, publisher_id, sub_category_id) VALUES (57, 'The Sea Fairies', 'An engaging story exploring themes of dystopia, risk management, and tragedy.', 'https://covers.openlibrary.org/b/id/1814237-L.jpg', 1911, 511, 1, 11, 5);
INSERT INTO public.book_authors (book_id, author_id) VALUES (57, 24);
INSERT INTO public.book_keywords (book_id, word) VALUES (57, 'Surveillance');
INSERT INTO public.book_keywords (book_id, word) VALUES (57, 'Animals');
INSERT INTO public.book_keywords (book_id, word) VALUES (57, 'Digital Impact');
INSERT INTO public.book_prices (id, book_id, provider_id, price, currency, format_id, stock) VALUES (187, 57, 9, 154.00, 'NOK', 3, 25);
INSERT INTO public.book_prices (id, book_id, provider_id, price, currency, format_id, stock) VALUES (188, 57, 6, 195.00, 'NOK', 4, 20);
INSERT INTO public.reviews (book_id, user_id, rating, comment) VALUES (57, 19, 5, 'Absolutely fantastic read.');
INSERT INTO public.reviews (book_id, user_id, rating, comment) VALUES (57, 1, 3, 'Beautiful writing style.');
INSERT INTO public.reviews (book_id, user_id, rating, comment) VALUES (57, 14, 5, 'Beautiful writing style.');
INSERT INTO public.reviews (book_id, user_id, rating, comment) VALUES (57, 2, 4, 'Beautiful writing style.');
INSERT INTO public.reviews (book_id, user_id, rating, comment) VALUES (57, 5, 3, 'Loved the atmosphere and pacing.');
INSERT INTO public.reviews (book_id, user_id, rating, comment) VALUES (57, 15, 5, 'Absolutely fantastic read.');
INSERT INTO public.books (id, title, description, image_url, published_year, page_count, category_id, publisher_id, sub_category_id) VALUES (58, 'Baum''s American Fairy Tales', 'An engaging story exploring themes of digital habits, american dream, and productivity.', 'https://covers.openlibrary.org/b/id/709869-L.jpg', 1901, 611, 1, 10, 5);
INSERT INTO public.book_authors (book_id, author_id) VALUES (58, 24);
INSERT INTO public.book_keywords (book_id, word) VALUES (58, 'Surveillance');
INSERT INTO public.book_keywords (book_id, word) VALUES (58, 'Love');
INSERT INTO public.book_keywords (book_id, word) VALUES (58, 'Intelligence');
INSERT INTO public.book_keywords (book_id, word) VALUES (58, 'UX Design');
INSERT INTO public.book_prices (id, book_id, provider_id, price, currency, format_id, stock) VALUES (189, 58, 2, 439.00, 'NOK', 1, 16);
INSERT INTO public.book_prices (id, book_id, provider_id, price, currency, format_id, stock) VALUES (190, 58, 10, 409.00, 'NOK', 1, 16);
INSERT INTO public.book_prices (id, book_id, provider_id, price, currency, format_id, stock) VALUES (191, 58, 6, 368.00, 'NOK', 2, 40);
INSERT INTO public.book_prices (id, book_id, provider_id, price, currency, format_id, stock) VALUES (192, 58, 3, 440.00, 'NOK', 3, 40);
INSERT INTO public.book_prices (id, book_id, provider_id, price, currency, format_id, stock) VALUES (193, 58, 1, 368.00, 'NOK', 4, 36);
INSERT INTO public.reviews (book_id, user_id, rating, comment) VALUES (58, 6, 3, 'Strong characters and story.');
INSERT INTO public.reviews (book_id, user_id, rating, comment) VALUES (58, 14, 5, 'Strong characters and story.');
INSERT INTO public.reviews (book_id, user_id, rating, comment) VALUES (58, 9, 3, 'Beautiful writing style.');
INSERT INTO public.reviews (book_id, user_id, rating, comment) VALUES (58, 2, 3, 'Would highly recommend.');
INSERT INTO public.reviews (book_id, user_id, rating, comment) VALUES (58, 19, 3, 'Beautiful writing style.');
INSERT INTO public.reviews (book_id, user_id, rating, comment) VALUES (58, 18, 4, 'Very enjoyable and engaging.');
INSERT INTO public.books (id, title, description, image_url, published_year, page_count, category_id, publisher_id, sub_category_id) VALUES (59, 'Sky Island', 'An engaging story exploring themes of wealth, family, and digital habits.', 'https://covers.openlibrary.org/b/id/2752804-L.jpg', 1912, 859, 4, 4, 29);
INSERT INTO public.book_authors (book_id, author_id) VALUES (59, 24);
INSERT INTO public.book_keywords (book_id, word) VALUES (59, 'Digital Products');
INSERT INTO public.book_keywords (book_id, word) VALUES (59, 'Coding');
INSERT INTO public.book_keywords (book_id, word) VALUES (59, 'Attention');
INSERT INTO public.book_keywords (book_id, word) VALUES (59, 'Justice');
INSERT INTO public.book_prices (id, book_id, provider_id, price, currency, format_id, stock) VALUES (194, 59, 2, 121.00, 'NOK', 4, 34);
INSERT INTO public.book_prices (id, book_id, provider_id, price, currency, format_id, stock) VALUES (195, 59, 7, 159.00, 'NOK', 3, 19);
INSERT INTO public.reviews (book_id, user_id, rating, comment) VALUES (59, 9, 5, 'Absolutely fantastic read.');
INSERT INTO public.reviews (book_id, user_id, rating, comment) VALUES (59, 1, 3, 'Could not put this book down.');
INSERT INTO public.authors (id, name) VALUES (39, 'H. G. Wells');
INSERT INTO public.books (id, title, description, image_url, published_year, page_count, category_id, publisher_id, sub_category_id) VALUES (60, 'The Time Machine', 'An engaging story exploring themes of morality, kindness, and wealth.', 'https://covers.openlibrary.org/b/id/9009316-L.jpg', 1895, 208, 2, 4, 11);
INSERT INTO public.book_authors (book_id, author_id) VALUES (60, 39);
INSERT INTO public.book_keywords (book_id, word) VALUES (60, 'Attention');
INSERT INTO public.book_keywords (book_id, word) VALUES (60, 'Childhood');
INSERT INTO public.book_keywords (book_id, word) VALUES (60, 'Coding');
INSERT INTO public.book_keywords (book_id, word) VALUES (60, 'Love');
INSERT INTO public.book_keywords (book_id, word) VALUES (60, 'Morality');
INSERT INTO public.book_prices (id, book_id, provider_id, price, currency, format_id, stock) VALUES (196, 60, 1, 277.00, 'NOK', 4, 3);
INSERT INTO public.book_prices (id, book_id, provider_id, price, currency, format_id, stock) VALUES (197, 60, 8, 327.00, 'NOK', 1, 17);
INSERT INTO public.book_prices (id, book_id, provider_id, price, currency, format_id, stock) VALUES (198, 60, 4, 184.00, 'NOK', 3, 20);
INSERT INTO public.book_prices (id, book_id, provider_id, price, currency, format_id, stock) VALUES (199, 60, 7, 234.00, 'NOK', 1, 23);
INSERT INTO public.reviews (book_id, user_id, rating, comment) VALUES (60, 6, 4, 'Solid read overall.');
INSERT INTO public.reviews (book_id, user_id, rating, comment) VALUES (60, 17, 3, 'Strong characters and story.');
INSERT INTO public.reviews (book_id, user_id, rating, comment) VALUES (60, 2, 5, 'Would highly recommend.');
INSERT INTO public.reviews (book_id, user_id, rating, comment) VALUES (60, 1, 3, 'Loved the atmosphere and pacing.');
INSERT INTO public.reviews (book_id, user_id, rating, comment) VALUES (60, 14, 5, 'Could not put this book down.');
INSERT INTO public.authors (id, name) VALUES (40, 'Bram Stoker');
INSERT INTO public.books (id, title, description, image_url, published_year, page_count, category_id, publisher_id, sub_category_id) VALUES (61, 'Dracula', 'An engaging story exploring themes of coding, morality, and animals.', 'https://covers.openlibrary.org/b/id/12216503-L.jpg', 1897, 761, 3, 6, 24);
INSERT INTO public.book_authors (book_id, author_id) VALUES (61, 40);
INSERT INTO public.book_keywords (book_id, word) VALUES (61, 'Justice');
INSERT INTO public.book_keywords (book_id, word) VALUES (61, 'Encryption');
INSERT INTO public.book_keywords (book_id, word) VALUES (61, 'Surveillance');
INSERT INTO public.book_prices (id, book_id, provider_id, price, currency, format_id, stock) VALUES (200, 61, 8, 287.00, 'NOK', 4, 38);
INSERT INTO public.book_prices (id, book_id, provider_id, price, currency, format_id, stock) VALUES (201, 61, 2, 98.00, 'NOK', 3, 30);
INSERT INTO public.book_prices (id, book_id, provider_id, price, currency, format_id, stock) VALUES (202, 61, 9, 113.00, 'NOK', 1, 35);
INSERT INTO public.book_prices (id, book_id, provider_id, price, currency, format_id, stock) VALUES (203, 61, 10, 320.00, 'NOK', 4, 4);
INSERT INTO public.reviews (book_id, user_id, rating, comment) VALUES (61, 9, 3, 'Absolutely fantastic read.');
INSERT INTO public.reviews (book_id, user_id, rating, comment) VALUES (61, 6, 3, 'Strong characters and story.');
INSERT INTO public.reviews (book_id, user_id, rating, comment) VALUES (61, 8, 4, 'Solid read overall.');
INSERT INTO public.reviews (book_id, user_id, rating, comment) VALUES (61, 14, 5, 'Very enjoyable and engaging.');
INSERT INTO public.reviews (book_id, user_id, rating, comment) VALUES (61, 15, 5, 'Loved the atmosphere and pacing.');
INSERT INTO public.reviews (book_id, user_id, rating, comment) VALUES (61, 1, 3, 'Could not put this book down.');
INSERT INTO public.reviews (book_id, user_id, rating, comment) VALUES (61, 7, 4, 'Very enjoyable and engaging.');
INSERT INTO public.reviews (book_id, user_id, rating, comment) VALUES (61, 16, 5, 'Strong characters and story.');
INSERT INTO public.authors (id, name) VALUES (41, 'Aldous Huxley');
INSERT INTO public.books (id, title, description, image_url, published_year, page_count, category_id, publisher_id, sub_category_id) VALUES (62, 'Brave New World', 'An engaging story exploring themes of cyber threats, redemption, and fantasy.', 'https://covers.openlibrary.org/b/id/8231823-L.jpg', 1932, 318, 4, 4, 32);
INSERT INTO public.book_authors (book_id, author_id) VALUES (62, 41);
INSERT INTO public.book_keywords (book_id, word) VALUES (62, 'Love');
INSERT INTO public.book_keywords (book_id, word) VALUES (62, 'Friendship');
INSERT INTO public.book_keywords (book_id, word) VALUES (62, 'Internet');
INSERT INTO public.book_prices (id, book_id, provider_id, price, currency, format_id, stock) VALUES (204, 62, 7, 96.00, 'NOK', 3, 2);
INSERT INTO public.book_prices (id, book_id, provider_id, price, currency, format_id, stock) VALUES (205, 62, 7, 434.00, 'NOK', 1, 44);
INSERT INTO public.book_prices (id, book_id, provider_id, price, currency, format_id, stock) VALUES (206, 62, 6, 102.00, 'NOK', 4, 29);
INSERT INTO public.reviews (book_id, user_id, rating, comment) VALUES (62, 18, 5, 'Very enjoyable and engaging.');
INSERT INTO public.reviews (book_id, user_id, rating, comment) VALUES (62, 14, 3, 'Beautiful writing style.');
INSERT INTO public.books (id, title, description, image_url, published_year, page_count, category_id, publisher_id, sub_category_id) VALUES (63, 'The Jewel of Seven Stars', 'An engaging story exploring themes of totalitarianism, dystopia, and lifestyle.', 'https://covers.openlibrary.org/b/id/2760301-L.jpg', 1902, 786, 1, 12, 2);
INSERT INTO public.book_authors (book_id, author_id) VALUES (63, 40);
INSERT INTO public.book_keywords (book_id, word) VALUES (63, 'American Dream');
INSERT INTO public.book_keywords (book_id, word) VALUES (63, 'Friendship');
INSERT INTO public.book_keywords (book_id, word) VALUES (63, 'Behavior Psychology');
INSERT INTO public.book_keywords (book_id, word) VALUES (63, 'Coming-of-age');
INSERT INTO public.book_prices (id, book_id, provider_id, price, currency, format_id, stock) VALUES (207, 63, 10, 140.00, 'NOK', 2, 25);
INSERT INTO public.book_prices (id, book_id, provider_id, price, currency, format_id, stock) VALUES (208, 63, 9, 344.00, 'NOK', 4, 21);
INSERT INTO public.reviews (book_id, user_id, rating, comment) VALUES (63, 19, 4, 'Could not put this book down.');
INSERT INTO public.reviews (book_id, user_id, rating, comment) VALUES (63, 5, 3, 'Strong characters and story.');
INSERT INTO public.reviews (book_id, user_id, rating, comment) VALUES (63, 9, 4, 'Would highly recommend.');
INSERT INTO public.books (id, title, description, image_url, published_year, page_count, category_id, publisher_id, sub_category_id) VALUES (64, 'The Iron Heel', 'An engaging story exploring themes of wealth, encryption, and empathy.', 'https://covers.openlibrary.org/b/id/8243314-L.jpg', 1907, 599, 2, 1, 13);
INSERT INTO public.book_authors (book_id, author_id) VALUES (64, 28);
INSERT INTO public.book_keywords (book_id, word) VALUES (64, 'Family');
INSERT INTO public.book_keywords (book_id, word) VALUES (64, 'Totalitarianism');
INSERT INTO public.book_keywords (book_id, word) VALUES (64, 'Magic');
INSERT INTO public.book_keywords (book_id, word) VALUES (64, 'Software Engineering');
INSERT INTO public.book_keywords (book_id, word) VALUES (64, 'Intelligence');
INSERT INTO public.book_prices (id, book_id, provider_id, price, currency, format_id, stock) VALUES (209, 64, 9, 245.00, 'NOK', 4, 18);
INSERT INTO public.book_prices (id, book_id, provider_id, price, currency, format_id, stock) VALUES (210, 64, 1, 451.00, 'NOK', 3, 31);
INSERT INTO public.book_prices (id, book_id, provider_id, price, currency, format_id, stock) VALUES (211, 64, 10, 493.00, 'NOK', 4, 16);
INSERT INTO public.book_prices (id, book_id, provider_id, price, currency, format_id, stock) VALUES (212, 64, 9, 341.00, 'NOK', 4, 14);
INSERT INTO public.book_prices (id, book_id, provider_id, price, currency, format_id, stock) VALUES (213, 64, 10, 456.00, 'NOK', 1, 12);
INSERT INTO public.reviews (book_id, user_id, rating, comment) VALUES (64, 17, 5, 'Absolutely fantastic read.');
INSERT INTO public.reviews (book_id, user_id, rating, comment) VALUES (64, 6, 3, 'Could not put this book down.');
INSERT INTO public.reviews (book_id, user_id, rating, comment) VALUES (64, 9, 5, 'Solid read overall.');
INSERT INTO public.reviews (book_id, user_id, rating, comment) VALUES (64, 19, 3, 'Loved the atmosphere and pacing.');
INSERT INTO public.authors (id, name) VALUES (42, 'Edwin Abbott Abbott');
INSERT INTO public.books (id, title, description, image_url, published_year, page_count, category_id, publisher_id, sub_category_id) VALUES (65, 'Flatland', 'An engaging story exploring themes of rivalry, mystery, and friendship.', 'https://covers.openlibrary.org/b/id/10069547-L.jpg', 1884, 646, 3, 6, 19);
INSERT INTO public.book_authors (book_id, author_id) VALUES (65, 42);
INSERT INTO public.book_keywords (book_id, word) VALUES (65, 'Digital Impact');
INSERT INTO public.book_keywords (book_id, word) VALUES (65, 'Morality');
INSERT INTO public.book_keywords (book_id, word) VALUES (65, 'Programming');
INSERT INTO public.book_keywords (book_id, word) VALUES (65, 'Friendship');
INSERT INTO public.book_prices (id, book_id, provider_id, price, currency, format_id, stock) VALUES (214, 65, 4, 170.00, 'NOK', 3, 40);
INSERT INTO public.book_prices (id, book_id, provider_id, price, currency, format_id, stock) VALUES (215, 65, 4, 477.00, 'NOK', 4, 28);
INSERT INTO public.book_prices (id, book_id, provider_id, price, currency, format_id, stock) VALUES (216, 65, 8, 237.00, 'NOK', 3, 17);
INSERT INTO public.book_prices (id, book_id, provider_id, price, currency, format_id, stock) VALUES (217, 65, 4, 384.00, 'NOK', 2, 48);
INSERT INTO public.book_prices (id, book_id, provider_id, price, currency, format_id, stock) VALUES (218, 65, 8, 417.00, 'NOK', 1, 17);
INSERT INTO public.reviews (book_id, user_id, rating, comment) VALUES (65, 1, 5, 'Very enjoyable and engaging.');
INSERT INTO public.reviews (book_id, user_id, rating, comment) VALUES (65, 2, 4, 'Beautiful writing style.');
INSERT INTO public.reviews (book_id, user_id, rating, comment) VALUES (65, 18, 3, 'Very enjoyable and engaging.');
INSERT INTO public.reviews (book_id, user_id, rating, comment) VALUES (65, 15, 5, 'Beautiful writing style.');
INSERT INTO public.reviews (book_id, user_id, rating, comment) VALUES (65, 7, 4, 'Could not put this book down.');
INSERT INTO public.reviews (book_id, user_id, rating, comment) VALUES (65, 16, 5, 'Absolutely fantastic read.');
INSERT INTO public.reviews (book_id, user_id, rating, comment) VALUES (65, 5, 5, 'Beautiful writing style.');
INSERT INTO public.books (id, title, description, image_url, published_year, page_count, category_id, publisher_id, sub_category_id) VALUES (66, 'The Invisible Man', 'An engaging story exploring themes of fantasy, lifestyle, and american dream.', 'https://covers.openlibrary.org/b/id/6419199-L.jpg', 2018, 699, 1, 10, 4);
INSERT INTO public.book_authors (book_id, author_id) VALUES (66, 39);
INSERT INTO public.book_keywords (book_id, word) VALUES (66, 'Mystery');
INSERT INTO public.book_keywords (book_id, word) VALUES (66, 'Justice');
INSERT INTO public.book_keywords (book_id, word) VALUES (66, 'Courage');
INSERT INTO public.book_keywords (book_id, word) VALUES (66, 'Kindness');
INSERT INTO public.book_keywords (book_id, word) VALUES (66, 'Loyalty');
INSERT INTO public.book_prices (id, book_id, provider_id, price, currency, format_id, stock) VALUES (219, 66, 9, 491.00, 'NOK', 3, 29);
INSERT INTO public.book_prices (id, book_id, provider_id, price, currency, format_id, stock) VALUES (220, 66, 4, 403.00, 'NOK', 4, 27);
INSERT INTO public.book_prices (id, book_id, provider_id, price, currency, format_id, stock) VALUES (221, 66, 2, 123.00, 'NOK', 1, 30);
INSERT INTO public.book_prices (id, book_id, provider_id, price, currency, format_id, stock) VALUES (222, 66, 8, 305.00, 'NOK', 4, 25);
INSERT INTO public.book_prices (id, book_id, provider_id, price, currency, format_id, stock) VALUES (223, 66, 3, 340.00, 'NOK', 4, 38);
INSERT INTO public.reviews (book_id, user_id, rating, comment) VALUES (66, 5, 4, 'Would highly recommend.');
INSERT INTO public.reviews (book_id, user_id, rating, comment) VALUES (66, 18, 5, 'Beautiful writing style.');
INSERT INTO public.reviews (book_id, user_id, rating, comment) VALUES (66, 6, 4, 'Very enjoyable and engaging.');
INSERT INTO public.reviews (book_id, user_id, rating, comment) VALUES (66, 8, 5, 'Could not put this book down.');
INSERT INTO public.reviews (book_id, user_id, rating, comment) VALUES (66, 2, 4, 'Beautiful writing style.');
INSERT INTO public.reviews (book_id, user_id, rating, comment) VALUES (66, 16, 4, 'Absolutely fantastic read.');
INSERT INTO public.reviews (book_id, user_id, rating, comment) VALUES (66, 9, 5, 'Solid read overall.');
INSERT INTO public.books (id, title, description, image_url, published_year, page_count, category_id, publisher_id, sub_category_id) VALUES (67, 'The Princess and Curdie', 'An engaging story exploring themes of productivity, ux design, and romance.', 'https://covers.openlibrary.org/b/id/14357835-L.jpg', 1832, 666, 3, 2, 27);
INSERT INTO public.book_authors (book_id, author_id) VALUES (67, 36);
INSERT INTO public.book_keywords (book_id, word) VALUES (67, 'Rebellion');
INSERT INTO public.book_keywords (book_id, word) VALUES (67, 'UX Design');
INSERT INTO public.book_keywords (book_id, word) VALUES (67, 'Wealth');
INSERT INTO public.book_keywords (book_id, word) VALUES (67, 'Cognition');
INSERT INTO public.book_prices (id, book_id, provider_id, price, currency, format_id, stock) VALUES (224, 67, 10, 248.00, 'NOK', 2, 42);
INSERT INTO public.book_prices (id, book_id, provider_id, price, currency, format_id, stock) VALUES (225, 67, 5, 188.00, 'NOK', 1, 37);
INSERT INTO public.book_prices (id, book_id, provider_id, price, currency, format_id, stock) VALUES (226, 67, 5, 352.00, 'NOK', 1, 29);
INSERT INTO public.reviews (book_id, user_id, rating, comment) VALUES (67, 2, 4, 'Absolutely fantastic read.');
INSERT INTO public.reviews (book_id, user_id, rating, comment) VALUES (67, 1, 3, 'Could not put this book down.');
INSERT INTO public.reviews (book_id, user_id, rating, comment) VALUES (67, 8, 3, 'Could not put this book down.');
INSERT INTO public.reviews (book_id, user_id, rating, comment) VALUES (67, 16, 3, 'Beautiful writing style.');
INSERT INTO public.reviews (book_id, user_id, rating, comment) VALUES (67, 15, 3, 'Solid read overall.');
INSERT INTO public.reviews (book_id, user_id, rating, comment) VALUES (67, 18, 5, 'Beautiful writing style.');
INSERT INTO public.books (id, title, description, image_url, published_year, page_count, category_id, publisher_id, sub_category_id) VALUES (68, 'The War of the Worlds', 'An engaging story exploring themes of morality, loyalty, and behavior psychology.', 'https://covers.openlibrary.org/b/id/36314-L.jpg', 2006, 441, 1, 6, 8);
INSERT INTO public.book_authors (book_id, author_id) VALUES (68, 39);
INSERT INTO public.book_keywords (book_id, word) VALUES (68, 'Productivity');
INSERT INTO public.book_keywords (book_id, word) VALUES (68, 'Redemption');
INSERT INTO public.book_keywords (book_id, word) VALUES (68, 'Courage');
INSERT INTO public.book_prices (id, book_id, provider_id, price, currency, format_id, stock) VALUES (227, 68, 2, 220.00, 'NOK', 4, 46);
INSERT INTO public.book_prices (id, book_id, provider_id, price, currency, format_id, stock) VALUES (228, 68, 6, 441.00, 'NOK', 4, 46);
INSERT INTO public.book_prices (id, book_id, provider_id, price, currency, format_id, stock) VALUES (229, 68, 10, 441.00, 'NOK', 4, 36);
INSERT INTO public.reviews (book_id, user_id, rating, comment) VALUES (68, 7, 4, 'Would highly recommend.');
INSERT INTO public.reviews (book_id, user_id, rating, comment) VALUES (68, 14, 5, 'Absolutely fantastic read.');
INSERT INTO public.reviews (book_id, user_id, rating, comment) VALUES (68, 2, 4, 'Solid read overall.');
INSERT INTO public.reviews (book_id, user_id, rating, comment) VALUES (68, 8, 3, 'Strong characters and story.');
INSERT INTO public.reviews (book_id, user_id, rating, comment) VALUES (68, 15, 5, 'Very enjoyable and engaging.');
INSERT INTO public.reviews (book_id, user_id, rating, comment) VALUES (68, 5, 5, 'Absolutely fantastic read.');
INSERT INTO public.reviews (book_id, user_id, rating, comment) VALUES (68, 6, 4, 'Would highly recommend.');
INSERT INTO public.authors (id, name) VALUES (43, 'Edgar Rice Burroughs');
INSERT INTO public.books (id, title, description, image_url, published_year, page_count, category_id, publisher_id, sub_category_id) VALUES (69, 'A Princess of Mars', 'An engaging story exploring themes of identity, betrayal, and risk management.', 'https://covers.openlibrary.org/b/id/207226-L.jpg', 1912, 714, 4, 13, 32);
INSERT INTO public.book_authors (book_id, author_id) VALUES (69, 43);
INSERT INTO public.book_keywords (book_id, word) VALUES (69, 'Empathy');
INSERT INTO public.book_keywords (book_id, word) VALUES (69, 'Morality');
INSERT INTO public.book_keywords (book_id, word) VALUES (69, 'Totalitarianism');
INSERT INTO public.book_keywords (book_id, word) VALUES (69, 'Surveillance');
INSERT INTO public.book_prices (id, book_id, provider_id, price, currency, format_id, stock) VALUES (230, 69, 3, 107.00, 'NOK', 1, 2);
INSERT INTO public.book_prices (id, book_id, provider_id, price, currency, format_id, stock) VALUES (231, 69, 6, 278.00, 'NOK', 1, 46);
INSERT INTO public.book_prices (id, book_id, provider_id, price, currency, format_id, stock) VALUES (232, 69, 6, 386.00, 'NOK', 2, 1);
INSERT INTO public.book_prices (id, book_id, provider_id, price, currency, format_id, stock) VALUES (233, 69, 7, 340.00, 'NOK', 3, 45);
INSERT INTO public.book_prices (id, book_id, provider_id, price, currency, format_id, stock) VALUES (234, 69, 3, 463.00, 'NOK', 4, 4);
INSERT INTO public.reviews (book_id, user_id, rating, comment) VALUES (69, 2, 3, 'Would highly recommend.');
INSERT INTO public.reviews (book_id, user_id, rating, comment) VALUES (69, 6, 5, 'Strong characters and story.');
INSERT INTO public.reviews (book_id, user_id, rating, comment) VALUES (69, 5, 3, 'Could not put this book down.');
INSERT INTO public.reviews (book_id, user_id, rating, comment) VALUES (69, 8, 3, 'Strong characters and story.');
INSERT INTO public.reviews (book_id, user_id, rating, comment) VALUES (69, 19, 3, 'Absolutely fantastic read.');
INSERT INTO public.reviews (book_id, user_id, rating, comment) VALUES (69, 16, 4, 'Strong characters and story.');
INSERT INTO public.reviews (book_id, user_id, rating, comment) VALUES (69, 14, 5, 'Strong characters and story.');
INSERT INTO public.reviews (book_id, user_id, rating, comment) VALUES (69, 18, 5, 'Could not put this book down.');
INSERT INTO public.authors (id, name) VALUES (44, 'Gilbert Keith Chesterton');
INSERT INTO public.books (id, title, description, image_url, published_year, page_count, category_id, publisher_id, sub_category_id) VALUES (70, 'The Napoleon of Notting Hill', 'An engaging story exploring themes of networks, technology, and cyber threats.', 'https://covers.openlibrary.org/b/id/6980094-L.jpg', 1904, 484, 3, 13, 26);
INSERT INTO public.book_authors (book_id, author_id) VALUES (70, 44);
INSERT INTO public.book_keywords (book_id, word) VALUES (70, 'Animals');
INSERT INTO public.book_keywords (book_id, word) VALUES (70, 'Cognition');
INSERT INTO public.book_keywords (book_id, word) VALUES (70, 'Wealth');
INSERT INTO public.book_keywords (book_id, word) VALUES (70, 'Courage');
INSERT INTO public.book_keywords (book_id, word) VALUES (70, 'Childhood');
INSERT INTO public.book_prices (id, book_id, provider_id, price, currency, format_id, stock) VALUES (235, 70, 9, 489.00, 'NOK', 1, 11);
INSERT INTO public.book_prices (id, book_id, provider_id, price, currency, format_id, stock) VALUES (236, 70, 6, 79.00, 'NOK', 3, 15);
INSERT INTO public.reviews (book_id, user_id, rating, comment) VALUES (70, 1, 4, 'Loved the atmosphere and pacing.');
INSERT INTO public.reviews (book_id, user_id, rating, comment) VALUES (70, 17, 3, 'Could not put this book down.');
INSERT INTO public.reviews (book_id, user_id, rating, comment) VALUES (70, 2, 3, 'Solid read overall.');
INSERT INTO public.books (id, title, description, image_url, published_year, page_count, category_id, publisher_id, sub_category_id) VALUES (71, 'The Last Man', 'An engaging story exploring themes of love, identity, and productivity.', 'https://covers.openlibrary.org/b/id/882662-L.jpg', 1826, 877, 1, 2, 4);
INSERT INTO public.book_authors (book_id, author_id) VALUES (71, 23);
INSERT INTO public.book_keywords (book_id, word) VALUES (71, 'Rivalry');
INSERT INTO public.book_keywords (book_id, word) VALUES (71, 'Totalitarianism');
INSERT INTO public.book_keywords (book_id, word) VALUES (71, 'Risk Management');
INSERT INTO public.book_keywords (book_id, word) VALUES (71, 'Craftsmanship');
INSERT INTO public.book_prices (id, book_id, provider_id, price, currency, format_id, stock) VALUES (237, 71, 9, 315.00, 'NOK', 3, 21);
INSERT INTO public.book_prices (id, book_id, provider_id, price, currency, format_id, stock) VALUES (238, 71, 9, 200.00, 'NOK', 1, 43);
INSERT INTO public.reviews (book_id, user_id, rating, comment) VALUES (71, 7, 4, 'Loved the atmosphere and pacing.');
INSERT INTO public.reviews (book_id, user_id, rating, comment) VALUES (71, 19, 5, 'Absolutely fantastic read.');
INSERT INTO public.reviews (book_id, user_id, rating, comment) VALUES (71, 8, 3, 'Would highly recommend.');
INSERT INTO public.reviews (book_id, user_id, rating, comment) VALUES (71, 18, 5, 'Absolutely fantastic read.');
INSERT INTO public.authors (id, name) VALUES (45, 'Jules Verne');
INSERT INTO public.books (id, title, description, image_url, published_year, page_count, category_id, publisher_id, sub_category_id) VALUES (72, 'Le Tour du Monde en Quatre-Vingts Jours', 'An engaging story exploring themes of networks, rebellion, and habits.', 'https://covers.openlibrary.org/b/id/6976035-L.jpg', 1872, 584, 3, 5, 18);
INSERT INTO public.book_authors (book_id, author_id) VALUES (72, 45);
INSERT INTO public.book_keywords (book_id, word) VALUES (72, 'Romance');
INSERT INTO public.book_keywords (book_id, word) VALUES (72, 'Fantasy');
INSERT INTO public.book_keywords (book_id, word) VALUES (72, 'Habits');
INSERT INTO public.book_keywords (book_id, word) VALUES (72, 'Cyber Threats');
INSERT INTO public.book_keywords (book_id, word) VALUES (72, 'Coming-of-age');
INSERT INTO public.book_prices (id, book_id, provider_id, price, currency, format_id, stock) VALUES (239, 72, 7, 355.00, 'NOK', 4, 46);
INSERT INTO public.book_prices (id, book_id, provider_id, price, currency, format_id, stock) VALUES (240, 72, 10, 236.00, 'NOK', 2, 23);
INSERT INTO public.book_prices (id, book_id, provider_id, price, currency, format_id, stock) VALUES (241, 72, 2, 464.00, 'NOK', 4, 5);
INSERT INTO public.book_prices (id, book_id, provider_id, price, currency, format_id, stock) VALUES (242, 72, 6, 440.00, 'NOK', 3, 19);
INSERT INTO public.reviews (book_id, user_id, rating, comment) VALUES (72, 14, 3, 'Strong characters and story.');
INSERT INTO public.reviews (book_id, user_id, rating, comment) VALUES (72, 2, 5, 'Solid read overall.');
INSERT INTO public.reviews (book_id, user_id, rating, comment) VALUES (72, 1, 4, 'Very enjoyable and engaging.');
INSERT INTO public.reviews (book_id, user_id, rating, comment) VALUES (72, 5, 4, 'Absolutely fantastic read.');
INSERT INTO public.reviews (book_id, user_id, rating, comment) VALUES (72, 15, 3, 'Solid read overall.');
INSERT INTO public.books (id, title, description, image_url, published_year, page_count, category_id, publisher_id, sub_category_id) VALUES (73, 'The warlord of Mars #3', 'An engaging story exploring themes of loyalty, best practices, and adolescence.', 'https://covers.openlibrary.org/b/id/207141-L.jpg', 1914, 659, 4, 1, 30);
INSERT INTO public.book_authors (book_id, author_id) VALUES (73, 43);
INSERT INTO public.book_keywords (book_id, word) VALUES (73, 'Media');
INSERT INTO public.book_keywords (book_id, word) VALUES (73, 'Wealth');
INSERT INTO public.book_keywords (book_id, word) VALUES (73, 'Childhood');
INSERT INTO public.book_keywords (book_id, word) VALUES (73, 'Magic');
INSERT INTO public.book_prices (id, book_id, provider_id, price, currency, format_id, stock) VALUES (243, 73, 8, 298.00, 'NOK', 4, 16);
INSERT INTO public.book_prices (id, book_id, provider_id, price, currency, format_id, stock) VALUES (244, 73, 2, 276.00, 'NOK', 2, 32);
INSERT INTO public.book_prices (id, book_id, provider_id, price, currency, format_id, stock) VALUES (245, 73, 9, 235.00, 'NOK', 3, 50);
INSERT INTO public.book_prices (id, book_id, provider_id, price, currency, format_id, stock) VALUES (246, 73, 7, 203.00, 'NOK', 1, 30);
INSERT INTO public.reviews (book_id, user_id, rating, comment) VALUES (73, 9, 5, 'Strong characters and story.');
INSERT INTO public.reviews (book_id, user_id, rating, comment) VALUES (73, 7, 4, 'Loved the atmosphere and pacing.');
INSERT INTO public.reviews (book_id, user_id, rating, comment) VALUES (73, 19, 4, 'Would highly recommend.');
INSERT INTO public.reviews (book_id, user_id, rating, comment) VALUES (73, 18, 4, 'Would highly recommend.');
INSERT INTO public.reviews (book_id, user_id, rating, comment) VALUES (73, 1, 3, 'Could not put this book down.');
INSERT INTO public.reviews (book_id, user_id, rating, comment) VALUES (73, 6, 5, 'Absolutely fantastic read.');
INSERT INTO public.reviews (book_id, user_id, rating, comment) VALUES (73, 2, 3, 'Absolutely fantastic read.');
INSERT INTO public.reviews (book_id, user_id, rating, comment) VALUES (73, 16, 5, 'Loved the atmosphere and pacing.');
INSERT INTO public.books (id, title, description, image_url, published_year, page_count, category_id, publisher_id, sub_category_id) VALUES (74, 'Vingt mille lieues sous les mers', 'An engaging story exploring themes of courage, behavior psychology, and rivalry.', 'https://covers.openlibrary.org/b/id/6573517-L.jpg', 1870, 420, 1, 5, 7);
INSERT INTO public.book_authors (book_id, author_id) VALUES (74, 45);
INSERT INTO public.book_keywords (book_id, word) VALUES (74, 'Kindness');
INSERT INTO public.book_keywords (book_id, word) VALUES (74, 'Internet');
INSERT INTO public.book_keywords (book_id, word) VALUES (74, 'Wealth');
INSERT INTO public.book_prices (id, book_id, provider_id, price, currency, format_id, stock) VALUES (247, 74, 9, 348.00, 'NOK', 2, 42);
INSERT INTO public.book_prices (id, book_id, provider_id, price, currency, format_id, stock) VALUES (248, 74, 3, 119.00, 'NOK', 2, 18);
INSERT INTO public.book_prices (id, book_id, provider_id, price, currency, format_id, stock) VALUES (249, 74, 5, 482.00, 'NOK', 1, 21);
INSERT INTO public.book_prices (id, book_id, provider_id, price, currency, format_id, stock) VALUES (250, 74, 3, 406.00, 'NOK', 2, 28);
INSERT INTO public.reviews (book_id, user_id, rating, comment) VALUES (74, 7, 5, 'Would highly recommend.');
INSERT INTO public.reviews (book_id, user_id, rating, comment) VALUES (74, 19, 5, 'Solid read overall.');
INSERT INTO public.reviews (book_id, user_id, rating, comment) VALUES (74, 5, 3, 'Beautiful writing style.');
INSERT INTO public.reviews (book_id, user_id, rating, comment) VALUES (74, 8, 4, 'Loved the atmosphere and pacing.');
INSERT INTO public.books (id, title, description, image_url, published_year, page_count, category_id, publisher_id, sub_category_id) VALUES (75, 'The Strange Case of Dr. Jekyll and Mr. Hyde', 'An engaging story exploring themes of redemption, productivity, and technology.', 'https://covers.openlibrary.org/b/id/295773-L.jpg', 1875, 160, 1, 2, 6);
INSERT INTO public.book_authors (book_id, author_id) VALUES (75, 25);
INSERT INTO public.book_keywords (book_id, word) VALUES (75, 'Habits');
INSERT INTO public.book_keywords (book_id, word) VALUES (75, 'Freedom');
INSERT INTO public.book_keywords (book_id, word) VALUES (75, 'Adolescence');
INSERT INTO public.book_prices (id, book_id, provider_id, price, currency, format_id, stock) VALUES (251, 75, 6, 80.00, 'NOK', 2, 37);
INSERT INTO public.book_prices (id, book_id, provider_id, price, currency, format_id, stock) VALUES (252, 75, 9, 115.00, 'NOK', 3, 6);
INSERT INTO public.book_prices (id, book_id, provider_id, price, currency, format_id, stock) VALUES (253, 75, 10, 448.00, 'NOK', 1, 6);
INSERT INTO public.book_prices (id, book_id, provider_id, price, currency, format_id, stock) VALUES (254, 75, 8, 234.00, 'NOK', 3, 32);
INSERT INTO public.book_prices (id, book_id, provider_id, price, currency, format_id, stock) VALUES (255, 75, 3, 108.00, 'NOK', 3, 16);
INSERT INTO public.reviews (book_id, user_id, rating, comment) VALUES (75, 6, 5, 'Very enjoyable and engaging.');
INSERT INTO public.reviews (book_id, user_id, rating, comment) VALUES (75, 7, 5, 'Solid read overall.');
INSERT INTO public.authors (id, name) VALUES (46, 'Margaret Cavendish, Duchess of Newcastle');
INSERT INTO public.books (id, title, description, image_url, published_year, page_count, category_id, publisher_id, sub_category_id) VALUES (76, 'The description of a new world', 'An engaging story exploring themes of animals, rebellion, and kindness.', 'https://covers.openlibrary.org/b/id/103235-L.jpg', 1666, 415, 2, 13, 15);
INSERT INTO public.book_authors (book_id, author_id) VALUES (76, 46);
INSERT INTO public.book_keywords (book_id, word) VALUES (76, 'Freedom');
INSERT INTO public.book_keywords (book_id, word) VALUES (76, 'Love');
INSERT INTO public.book_keywords (book_id, word) VALUES (76, 'Romance');
INSERT INTO public.book_keywords (book_id, word) VALUES (76, 'Encryption');
INSERT INTO public.book_keywords (book_id, word) VALUES (76, 'Wealth');
INSERT INTO public.book_prices (id, book_id, provider_id, price, currency, format_id, stock) VALUES (256, 76, 1, 279.00, 'NOK', 4, 16);
INSERT INTO public.book_prices (id, book_id, provider_id, price, currency, format_id, stock) VALUES (257, 76, 8, 438.00, 'NOK', 2, 13);
INSERT INTO public.book_prices (id, book_id, provider_id, price, currency, format_id, stock) VALUES (258, 76, 5, 379.00, 'NOK', 1, 46);
INSERT INTO public.reviews (book_id, user_id, rating, comment) VALUES (76, 7, 4, 'Strong characters and story.');
INSERT INTO public.reviews (book_id, user_id, rating, comment) VALUES (76, 19, 4, 'Could not put this book down.');
INSERT INTO public.reviews (book_id, user_id, rating, comment) VALUES (76, 9, 3, 'Beautiful writing style.');
INSERT INTO public.reviews (book_id, user_id, rating, comment) VALUES (76, 6, 3, 'Absolutely fantastic read.');
INSERT INTO public.authors (id, name) VALUES (47, 'William Morris');
INSERT INTO public.books (id, title, description, image_url, published_year, page_count, category_id, publisher_id, sub_category_id) VALUES (77, 'News from nowhere, or, An epoch of rest, being some chapters from a utopian romance', 'An engaging story exploring themes of digital products, justice, and american dream.', 'https://covers.openlibrary.org/b/id/338173-L.jpg', 1890, 282, 1, 10, 7);
INSERT INTO public.book_authors (book_id, author_id) VALUES (77, 47);
INSERT INTO public.book_keywords (book_id, word) VALUES (77, 'Tragedy');
INSERT INTO public.book_keywords (book_id, word) VALUES (77, 'Software Engineering');
INSERT INTO public.book_keywords (book_id, word) VALUES (77, 'Adolescence');
INSERT INTO public.book_prices (id, book_id, provider_id, price, currency, format_id, stock) VALUES (259, 77, 9, 287.00, 'NOK', 3, 7);
INSERT INTO public.book_prices (id, book_id, provider_id, price, currency, format_id, stock) VALUES (260, 77, 7, 462.00, 'NOK', 4, 39);
INSERT INTO public.book_prices (id, book_id, provider_id, price, currency, format_id, stock) VALUES (261, 77, 3, 129.00, 'NOK', 1, 6);
INSERT INTO public.book_prices (id, book_id, provider_id, price, currency, format_id, stock) VALUES (262, 77, 6, 460.00, 'NOK', 4, 43);
INSERT INTO public.reviews (book_id, user_id, rating, comment) VALUES (77, 19, 4, 'Beautiful writing style.');
INSERT INTO public.reviews (book_id, user_id, rating, comment) VALUES (77, 1, 3, 'Beautiful writing style.');
INSERT INTO public.reviews (book_id, user_id, rating, comment) VALUES (77, 14, 3, 'Solid read overall.');
INSERT INTO public.reviews (book_id, user_id, rating, comment) VALUES (77, 6, 3, 'Strong characters and story.');
INSERT INTO public.reviews (book_id, user_id, rating, comment) VALUES (77, 16, 5, 'Loved the atmosphere and pacing.');
INSERT INTO public.reviews (book_id, user_id, rating, comment) VALUES (77, 15, 3, 'Solid read overall.');
INSERT INTO public.reviews (book_id, user_id, rating, comment) VALUES (77, 17, 4, 'Loved the atmosphere and pacing.');
INSERT INTO public.books (id, title, description, image_url, published_year, page_count, category_id, publisher_id, sub_category_id) VALUES (78, 'The Poison Belt', 'An engaging story exploring themes of dystopia, courage, and security.', 'https://covers.openlibrary.org/b/id/5788361-L.jpg', 1913, 493, 4, 8, 30);
INSERT INTO public.book_authors (book_id, author_id) VALUES (78, 37);
INSERT INTO public.book_keywords (book_id, word) VALUES (78, 'Security');
INSERT INTO public.book_keywords (book_id, word) VALUES (78, 'Animals');
INSERT INTO public.book_keywords (book_id, word) VALUES (78, 'Identity');
INSERT INTO public.book_keywords (book_id, word) VALUES (78, 'Childhood');
INSERT INTO public.book_keywords (book_id, word) VALUES (78, 'Loyalty');
INSERT INTO public.book_prices (id, book_id, provider_id, price, currency, format_id, stock) VALUES (263, 78, 1, 237.00, 'NOK', 3, 43);
INSERT INTO public.book_prices (id, book_id, provider_id, price, currency, format_id, stock) VALUES (264, 78, 6, 209.00, 'NOK', 1, 42);
INSERT INTO public.book_prices (id, book_id, provider_id, price, currency, format_id, stock) VALUES (265, 78, 10, 240.00, 'NOK', 1, 25);
INSERT INTO public.book_prices (id, book_id, provider_id, price, currency, format_id, stock) VALUES (266, 78, 9, 291.00, 'NOK', 2, 35);
INSERT INTO public.book_prices (id, book_id, provider_id, price, currency, format_id, stock) VALUES (267, 78, 2, 492.00, 'NOK', 3, 3);
INSERT INTO public.reviews (book_id, user_id, rating, comment) VALUES (78, 19, 5, 'Strong characters and story.');
INSERT INTO public.reviews (book_id, user_id, rating, comment) VALUES (78, 7, 3, 'Solid read overall.');
INSERT INTO public.reviews (book_id, user_id, rating, comment) VALUES (78, 15, 3, 'Beautiful writing style.');
INSERT INTO public.reviews (book_id, user_id, rating, comment) VALUES (78, 16, 5, 'Could not put this book down.');
INSERT INTO public.reviews (book_id, user_id, rating, comment) VALUES (78, 5, 3, 'Loved the atmosphere and pacing.');
INSERT INTO public.books (id, title, description, image_url, published_year, page_count, category_id, publisher_id, sub_category_id) VALUES (79, 'The Gods of Mars', 'An engaging story exploring themes of craftsmanship, wellbeing, and risk management.', 'https://covers.openlibrary.org/b/id/207132-L.jpg', 1918, 132, 2, 5, 13);
INSERT INTO public.book_authors (book_id, author_id) VALUES (79, 43);
INSERT INTO public.book_keywords (book_id, word) VALUES (79, 'Wellbeing');
INSERT INTO public.book_keywords (book_id, word) VALUES (79, 'Surveillance');
INSERT INTO public.book_keywords (book_id, word) VALUES (79, 'Digital Habits');
INSERT INTO public.book_keywords (book_id, word) VALUES (79, 'Internet');
INSERT INTO public.book_prices (id, book_id, provider_id, price, currency, format_id, stock) VALUES (268, 79, 9, 182.00, 'NOK', 4, 10);
INSERT INTO public.book_prices (id, book_id, provider_id, price, currency, format_id, stock) VALUES (269, 79, 3, 392.00, 'NOK', 2, 4);
INSERT INTO public.reviews (book_id, user_id, rating, comment) VALUES (79, 6, 4, 'Very enjoyable and engaging.');
INSERT INTO public.reviews (book_id, user_id, rating, comment) VALUES (79, 1, 4, 'Could not put this book down.');
INSERT INTO public.reviews (book_id, user_id, rating, comment) VALUES (79, 2, 4, 'Very enjoyable and engaging.');
INSERT INTO public.reviews (book_id, user_id, rating, comment) VALUES (79, 14, 3, 'Could not put this book down.');
INSERT INTO public.reviews (book_id, user_id, rating, comment) VALUES (79, 16, 4, 'Solid read overall.');
INSERT INTO public.reviews (book_id, user_id, rating, comment) VALUES (79, 19, 5, 'Loved the atmosphere and pacing.');
INSERT INTO public.authors (id, name) VALUES (48, 'E. M. Forster');
INSERT INTO public.books (id, title, description, image_url, published_year, page_count, category_id, publisher_id, sub_category_id) VALUES (80, 'The Machine Stops', 'An engaging story exploring themes of animals, digital impact, and coming-of-age.', 'https://covers.openlibrary.org/b/id/7793883-L.jpg', 1909, 859, 4, 10, 32);
INSERT INTO public.book_authors (book_id, author_id) VALUES (80, 48);
INSERT INTO public.book_keywords (book_id, word) VALUES (80, 'Friendship');
INSERT INTO public.book_keywords (book_id, word) VALUES (80, 'American Dream');
INSERT INTO public.book_keywords (book_id, word) VALUES (80, 'Animals');
INSERT INTO public.book_keywords (book_id, word) VALUES (80, 'Intelligence');
INSERT INTO public.book_keywords (book_id, word) VALUES (80, 'Courage');
INSERT INTO public.book_prices (id, book_id, provider_id, price, currency, format_id, stock) VALUES (270, 80, 4, 140.00, 'NOK', 3, 49);
INSERT INTO public.book_prices (id, book_id, provider_id, price, currency, format_id, stock) VALUES (271, 80, 9, 244.00, 'NOK', 2, 32);
INSERT INTO public.reviews (book_id, user_id, rating, comment) VALUES (80, 6, 3, 'Very enjoyable and engaging.');
INSERT INTO public.reviews (book_id, user_id, rating, comment) VALUES (80, 1, 4, 'Loved the atmosphere and pacing.');
INSERT INTO public.authors (id, name) VALUES (49, 'Rand McNally');
INSERT INTO public.books (id, title, description, image_url, published_year, page_count, category_id, publisher_id, sub_category_id) VALUES (81, '1st Report [Session 1993-94]', 'An engaging story exploring themes of risk management, friendship, and rebellion.', 'https://covers.openlibrary.org/b/id/11962006-L.jpg', 1983, 449, 4, 11, 32);
INSERT INTO public.book_authors (book_id, author_id) VALUES (81, 49);
INSERT INTO public.book_keywords (book_id, word) VALUES (81, 'Magic');
INSERT INTO public.book_keywords (book_id, word) VALUES (81, 'Internet');
INSERT INTO public.book_keywords (book_id, word) VALUES (81, 'Rebellion');
INSERT INTO public.book_prices (id, book_id, provider_id, price, currency, format_id, stock) VALUES (272, 81, 2, 398.00, 'NOK', 4, 50);
INSERT INTO public.book_prices (id, book_id, provider_id, price, currency, format_id, stock) VALUES (273, 81, 5, 482.00, 'NOK', 3, 12);
INSERT INTO public.reviews (book_id, user_id, rating, comment) VALUES (81, 17, 5, 'Could not put this book down.');
INSERT INTO public.reviews (book_id, user_id, rating, comment) VALUES (81, 5, 5, 'Loved the atmosphere and pacing.');
INSERT INTO public.reviews (book_id, user_id, rating, comment) VALUES (81, 6, 3, 'Would highly recommend.');
INSERT INTO public.reviews (book_id, user_id, rating, comment) VALUES (81, 8, 4, 'Very enjoyable and engaging.');
INSERT INTO public.reviews (book_id, user_id, rating, comment) VALUES (81, 1, 4, 'Absolutely fantastic read.');
INSERT INTO public.reviews (book_id, user_id, rating, comment) VALUES (81, 9, 4, 'Would highly recommend.');
INSERT INTO public.books (id, title, description, image_url, published_year, page_count, category_id, publisher_id, sub_category_id) VALUES (82, '4th Report [Session 1993-94]', 'An engaging story exploring themes of animals, american dream, and guilt.', 'https://covers.openlibrary.org/b/id/11849209-L.jpg', 1990, 882, 4, 15, 28);
INSERT INTO public.book_authors (book_id, author_id) VALUES (82, 49);
INSERT INTO public.book_keywords (book_id, word) VALUES (82, 'Morality');
INSERT INTO public.book_keywords (book_id, word) VALUES (82, 'Identity');
INSERT INTO public.book_keywords (book_id, word) VALUES (82, 'Craftsmanship');
INSERT INTO public.book_keywords (book_id, word) VALUES (82, 'Kindness');
INSERT INTO public.book_keywords (book_id, word) VALUES (82, 'Empathy');
INSERT INTO public.book_prices (id, book_id, provider_id, price, currency, format_id, stock) VALUES (274, 82, 10, 462.00, 'NOK', 3, 17);
INSERT INTO public.book_prices (id, book_id, provider_id, price, currency, format_id, stock) VALUES (275, 82, 9, 494.00, 'NOK', 2, 46);
INSERT INTO public.reviews (book_id, user_id, rating, comment) VALUES (82, 14, 5, 'Would highly recommend.');
INSERT INTO public.reviews (book_id, user_id, rating, comment) VALUES (82, 15, 5, 'Could not put this book down.');
INSERT INTO public.reviews (book_id, user_id, rating, comment) VALUES (82, 6, 4, 'Very enjoyable and engaging.');
INSERT INTO public.reviews (book_id, user_id, rating, comment) VALUES (82, 1, 3, 'Solid read overall.');
INSERT INTO public.reviews (book_id, user_id, rating, comment) VALUES (82, 2, 4, 'Loved the atmosphere and pacing.');
INSERT INTO public.reviews (book_id, user_id, rating, comment) VALUES (82, 8, 4, 'Loved the atmosphere and pacing.');
INSERT INTO public.reviews (book_id, user_id, rating, comment) VALUES (82, 18, 3, 'Absolutely fantastic read.');
INSERT INTO public.authors (id, name) VALUES (50, 'Leonardo da Vinci');
INSERT INTO public.books (id, title, description, image_url, published_year, page_count, category_id, publisher_id, sub_category_id) VALUES (83, 'Leonardo', 'An engaging story exploring themes of romance, behavior psychology, and networks.', 'https://covers.openlibrary.org/b/id/919361-L.jpg', 1946, 188, 3, 12, 19);
INSERT INTO public.book_authors (book_id, author_id) VALUES (83, 50);
INSERT INTO public.book_keywords (book_id, word) VALUES (83, 'Isolation');
INSERT INTO public.book_keywords (book_id, word) VALUES (83, 'Morality');
INSERT INTO public.book_keywords (book_id, word) VALUES (83, 'Networks');
INSERT INTO public.book_keywords (book_id, word) VALUES (83, 'Cognition');
INSERT INTO public.book_keywords (book_id, word) VALUES (83, 'Mystery');
INSERT INTO public.book_prices (id, book_id, provider_id, price, currency, format_id, stock) VALUES (276, 83, 7, 249.00, 'NOK', 3, 12);
INSERT INTO public.book_prices (id, book_id, provider_id, price, currency, format_id, stock) VALUES (277, 83, 8, 463.00, 'NOK', 1, 30);
INSERT INTO public.reviews (book_id, user_id, rating, comment) VALUES (83, 1, 5, 'Would highly recommend.');
INSERT INTO public.reviews (book_id, user_id, rating, comment) VALUES (83, 18, 4, 'Very enjoyable and engaging.');
INSERT INTO public.reviews (book_id, user_id, rating, comment) VALUES (83, 2, 4, 'Strong characters and story.');
INSERT INTO public.reviews (book_id, user_id, rating, comment) VALUES (83, 9, 5, 'Could not put this book down.');
INSERT INTO public.reviews (book_id, user_id, rating, comment) VALUES (83, 8, 3, 'Solid read overall.');
INSERT INTO public.reviews (book_id, user_id, rating, comment) VALUES (83, 5, 3, 'Absolutely fantastic read.');
INSERT INTO public.reviews (book_id, user_id, rating, comment) VALUES (83, 6, 3, 'Loved the atmosphere and pacing.');
INSERT INTO public.books (id, title, description, image_url, published_year, page_count, category_id, publisher_id, sub_category_id) VALUES (84, '5th Report [Session 1995-96]', 'An engaging story exploring themes of redemption, fantasy, and tragedy.', 'https://covers.openlibrary.org/b/id/11848636-L.jpg', 1988, 496, 1, 12, 9);
INSERT INTO public.book_authors (book_id, author_id) VALUES (84, 49);
INSERT INTO public.book_keywords (book_id, word) VALUES (84, 'Courage');
INSERT INTO public.book_keywords (book_id, word) VALUES (84, 'Friendship');
INSERT INTO public.book_keywords (book_id, word) VALUES (84, 'Guilt');
INSERT INTO public.book_prices (id, book_id, provider_id, price, currency, format_id, stock) VALUES (278, 84, 9, 490.00, 'NOK', 4, 48);
INSERT INTO public.book_prices (id, book_id, provider_id, price, currency, format_id, stock) VALUES (279, 84, 2, 331.00, 'NOK', 4, 40);
INSERT INTO public.book_prices (id, book_id, provider_id, price, currency, format_id, stock) VALUES (280, 84, 4, 281.00, 'NOK', 3, 2);
INSERT INTO public.book_prices (id, book_id, provider_id, price, currency, format_id, stock) VALUES (281, 84, 2, 237.00, 'NOK', 4, 46);
INSERT INTO public.reviews (book_id, user_id, rating, comment) VALUES (84, 14, 3, 'Absolutely fantastic read.');
INSERT INTO public.reviews (book_id, user_id, rating, comment) VALUES (84, 5, 4, 'Very enjoyable and engaging.');
INSERT INTO public.reviews (book_id, user_id, rating, comment) VALUES (84, 16, 3, 'Loved the atmosphere and pacing.');
INSERT INTO public.authors (id, name) VALUES (51, 'Michael Crichton');
INSERT INTO public.books (id, title, description, image_url, published_year, page_count, category_id, publisher_id, sub_category_id) VALUES (85, 'Prey', 'An engaging story exploring themes of craftsmanship, betrayal, and coming-of-age.', 'https://covers.openlibrary.org/b/id/10984324-L.jpg', 2002, 123, 3, 8, 23);
INSERT INTO public.book_authors (book_id, author_id) VALUES (85, 51);
INSERT INTO public.book_keywords (book_id, word) VALUES (85, 'Family');
INSERT INTO public.book_keywords (book_id, word) VALUES (85, 'Identity');
INSERT INTO public.book_keywords (book_id, word) VALUES (85, 'Productivity');
INSERT INTO public.book_keywords (book_id, word) VALUES (85, 'Software Engineering');
INSERT INTO public.book_keywords (book_id, word) VALUES (85, 'Romance');
INSERT INTO public.book_prices (id, book_id, provider_id, price, currency, format_id, stock) VALUES (282, 85, 6, 411.00, 'NOK', 4, 45);
INSERT INTO public.book_prices (id, book_id, provider_id, price, currency, format_id, stock) VALUES (283, 85, 2, 339.00, 'NOK', 3, 36);
INSERT INTO public.book_prices (id, book_id, provider_id, price, currency, format_id, stock) VALUES (284, 85, 7, 464.00, 'NOK', 3, 15);
INSERT INTO public.reviews (book_id, user_id, rating, comment) VALUES (85, 6, 5, 'Absolutely fantastic read.');
INSERT INTO public.reviews (book_id, user_id, rating, comment) VALUES (85, 19, 4, 'Would highly recommend.');
INSERT INTO public.reviews (book_id, user_id, rating, comment) VALUES (85, 15, 3, 'Strong characters and story.');
INSERT INTO public.reviews (book_id, user_id, rating, comment) VALUES (85, 8, 3, 'Loved the atmosphere and pacing.');
INSERT INTO public.books (id, title, description, image_url, published_year, page_count, category_id, publisher_id, sub_category_id) VALUES (86, 'Timeline', 'An engaging story exploring themes of animals, cyber threats, and ux design.', 'https://covers.openlibrary.org/b/id/12451613-L.jpg', 1999, 710, 2, 11, 12);
INSERT INTO public.book_authors (book_id, author_id) VALUES (86, 51);
INSERT INTO public.book_keywords (book_id, word) VALUES (86, 'Technology');
INSERT INTO public.book_keywords (book_id, word) VALUES (86, 'American Dream');
INSERT INTO public.book_keywords (book_id, word) VALUES (86, 'Security');
INSERT INTO public.book_keywords (book_id, word) VALUES (86, 'Encryption');
INSERT INTO public.book_prices (id, book_id, provider_id, price, currency, format_id, stock) VALUES (285, 86, 8, 371.00, 'NOK', 2, 20);
INSERT INTO public.book_prices (id, book_id, provider_id, price, currency, format_id, stock) VALUES (286, 86, 10, 333.00, 'NOK', 3, 31);
INSERT INTO public.book_prices (id, book_id, provider_id, price, currency, format_id, stock) VALUES (287, 86, 10, 201.00, 'NOK', 1, 48);
INSERT INTO public.reviews (book_id, user_id, rating, comment) VALUES (86, 14, 5, 'Absolutely fantastic read.');
INSERT INTO public.reviews (book_id, user_id, rating, comment) VALUES (86, 8, 3, 'Absolutely fantastic read.');
INSERT INTO public.authors (id, name) VALUES (52, 'R. C. Hibbeler');
INSERT INTO public.books (id, title, description, image_url, published_year, page_count, category_id, publisher_id, sub_category_id) VALUES (87, 'Engineering Mechanics, Statics & Dynamics', 'An engaging story exploring themes of redemption, fantasy, and kindness.', 'https://covers.openlibrary.org/b/id/6601657-L.jpg', 1974, 217, 2, 15, 12);
INSERT INTO public.book_authors (book_id, author_id) VALUES (87, 52);
INSERT INTO public.book_keywords (book_id, word) VALUES (87, 'Technology');
INSERT INTO public.book_keywords (book_id, word) VALUES (87, 'Kindness');
INSERT INTO public.book_keywords (book_id, word) VALUES (87, 'Wellbeing');
INSERT INTO public.book_keywords (book_id, word) VALUES (87, 'Redemption');
INSERT INTO public.book_keywords (book_id, word) VALUES (87, 'Rebellion');
INSERT INTO public.book_prices (id, book_id, provider_id, price, currency, format_id, stock) VALUES (288, 87, 6, 312.00, 'NOK', 3, 18);
INSERT INTO public.book_prices (id, book_id, provider_id, price, currency, format_id, stock) VALUES (289, 87, 3, 416.00, 'NOK', 2, 19);
INSERT INTO public.book_prices (id, book_id, provider_id, price, currency, format_id, stock) VALUES (290, 87, 4, 263.00, 'NOK', 1, 13);
INSERT INTO public.reviews (book_id, user_id, rating, comment) VALUES (87, 7, 4, 'Would highly recommend.');
INSERT INTO public.reviews (book_id, user_id, rating, comment) VALUES (87, 15, 5, 'Absolutely fantastic read.');
INSERT INTO public.reviews (book_id, user_id, rating, comment) VALUES (87, 16, 5, 'Beautiful writing style.');
INSERT INTO public.books (id, title, description, image_url, published_year, page_count, category_id, publisher_id, sub_category_id) VALUES (88, 'State of Fear', 'An engaging story exploring themes of justice, totalitarianism, and mystery.', 'https://covers.openlibrary.org/b/id/8393255-L.jpg', 2004, 781, 2, 10, 15);
INSERT INTO public.book_authors (book_id, author_id) VALUES (88, 51);
INSERT INTO public.book_keywords (book_id, word) VALUES (88, 'Animals');
INSERT INTO public.book_keywords (book_id, word) VALUES (88, 'Adolescence');
INSERT INTO public.book_keywords (book_id, word) VALUES (88, 'Networks');
INSERT INTO public.book_prices (id, book_id, provider_id, price, currency, format_id, stock) VALUES (291, 88, 8, 265.00, 'NOK', 2, 27);
INSERT INTO public.book_prices (id, book_id, provider_id, price, currency, format_id, stock) VALUES (292, 88, 3, 331.00, 'NOK', 3, 46);
INSERT INTO public.book_prices (id, book_id, provider_id, price, currency, format_id, stock) VALUES (293, 88, 2, 232.00, 'NOK', 2, 19);
INSERT INTO public.book_prices (id, book_id, provider_id, price, currency, format_id, stock) VALUES (294, 88, 5, 282.00, 'NOK', 1, 38);
INSERT INTO public.book_prices (id, book_id, provider_id, price, currency, format_id, stock) VALUES (295, 88, 2, 305.00, 'NOK', 4, 45);
INSERT INTO public.reviews (book_id, user_id, rating, comment) VALUES (88, 16, 4, 'Loved the atmosphere and pacing.');
INSERT INTO public.reviews (book_id, user_id, rating, comment) VALUES (88, 18, 4, 'Absolutely fantastic read.');
INSERT INTO public.reviews (book_id, user_id, rating, comment) VALUES (88, 2, 5, 'Loved the atmosphere and pacing.');
SELECT setval('authors_id_seq', (SELECT MAX(id) FROM authors));
SELECT setval('books_id_seq', (SELECT MAX(id) FROM books));
SELECT setval('book_prices_id_seq', (SELECT MAX(id) FROM book_prices));
SELECT setval('reviews_id_seq', (SELECT MAX(id) FROM reviews));
